Bomberman Jetters GCN/GameCube ISO (USA);https://letsupload.co/cacw/BM-J-USA-GCN-ZIPERTO.rar;https://www.mediafire.com/file/c7jkax8lgtgw44n/BM-J-USA-GCN-ZIPERTO.rar/file;https://mega.nz/#!PoMSBCbD!EyxUyFfxFIIP_AEf3iy9hUVlpOAGldm1Gibov_hFIWo;https://1fichier.com/?hv3b9h9z2w0hay11mpg0&af=62851;https://multiup.org/en/mirror/2a637283f0e2942cde7abc40aef37119/BM-J-USA-GCN-ZIPERTO.rar;https://www.ziperto.com/bomberman-generation/;;;;;
Geist GCN/GameCube ISO (USA);https://letsupload.co/knS3/G-USA-GCN-ZIPERTO.rar;https://www.mediafire.com/file/6l1ra4br2oza3te/G-USA-GCN-ZIPERTO.rar/file;https://mega.nz/#!9IEGlAaS!WjtubSiY-Lnx0PjlympwkSZ4x_skvcetq_uZ0cI1gUI;https://1fichier.com/?t9hxgwvoysowu2xcn9dc&af=62851;https://multiup.org/en/mirror/f7629f3a1bbec5e0377d4d127ea1ea63/G-USA-GCN-ZIPERTO.rar;https://www.ziperto.com/hot-wheels-velocity-x-gcn/;;;;;
Pokemon XD Gale of Darkness GCN/GameCube ISO (EUR);https://letsupload.co/g5mk/PM-XD-GOD-GCN-ZIPERTO.rar;https://drive.google.com/uc?export=download&id=1gwvwgl6Rr1_Ia4hQ3gEpm3E7pbpQxPww;https://mega.nz/#!e7IljKRQ!_7GA3MyL3Gre0q-qaehY7_2YMUF2VybEIszyyPJZFfc;https://1fichier.com/?vcuo99v3hf;https://www.ziperto.com/mario-party-7-gamecube-iso/;;;;;;
Namco Museum 50th Anniversary GCN/GameCube ISO (USA);http://ceesty.com/w3HnXX;http://ceesty.com/w3HnZf;http://ceesty.com/w3HnL9;http://ceesty.com/w3HnLq;http://ceesty.com/w3HnKS;https://www.ziperto.com/hot-wheels-velocity-x-gcn/;;;;;
Namco Museum GCN/GameCube ISO (USA);http://gestyy.com/w3SFFd;http://gestyy.com/w3SFDz;http://gestyy.com/w3SFDt;http://gestyy.com/w3SFSH;http://gestyy.com/w3SFSu;https://www.ziperto.com/hot-wheels-velocity-x-gcn/;;;;;
Hot Wheels World Race GCN/GameCube ISO (USA);http://ceesty.com/w3tY1X;http://ceesty.com/w3tYM2;http://ceesty.com/w3tYMr;http://ceesty.com/w3tYBW;https://www.ziperto.com/hot-wheels-velocity-x-gcn/;;;;;;
Hot Wheels Velocity X GCN/GameCube ISO (USA);http://festyy.com/w30FW8;http://festyy.com/w30FTo;http://festyy.com/w30FRT;http://festyy.com/w30Fnq;https://www.ziperto.com/fight-night-round-2-gcn/;;;;;;
Evolution Worlds GCN/GameCube ISO (USA);http://corneey.com/w21EjW;http://corneey.com/w21Eh3;http://corneey.com/w21EgY;http://corneey.com/w21Edm;https://www.ziperto.com/fight-night-round-2-gcn/;;;;;;
Medabots Infinity GCN/GameCube ISO (USA) (v1.01);http://gestyy.com/w2CXbQ;http://gestyy.com/w2CXv7;http://gestyy.com/w2CXvl;http://gestyy.com/w2XwER;http://gestyy.com/w2CXz8;https://www.ziperto.com/fight-night-round-2-gcn/;;;;;
Madden NFL 2004 GCN/GameCube ISO (USA) (v1 01);http://destyy.com/w2So7u;http://destyy.com/w2So5a;http://destyy.com/w2So6r;http://destyy.com/w2So8B;http://destyy.com/w2So4J;https://www.ziperto.com/fight-night-round-2-gcn/;;;;;
Lemony Snicket’s A Series of Unfortunate Events GCN/GameCube ISO (USA);http://ceesty.com/w2RnH4;http://ceesty.com/w2RnJD;http://ceesty.com/w2RnFF;https://www.ziperto.com/dreamworks-aardman-flushed-away-gcn/;;;;;;;
DreamWorks & Aardman Flushed Away GCN/GameCube ISO (USA);http://destyy.com/w2k6rq;http://destyy.com/w2k6rZ;http://destyy.com/w2k6wR;http://destyy.com/w2k6ed;http://destyy.com/w2k594;https://www.ziperto.com/open-season-gcn/;;;;;
Star Fox Adventures GCN/GameCube (EUR) ISO (v1.01);http://ceesty.com/w2sKzS;http://ceesty.com/w2sKp1;http://ceesty.com/w2sKoz;http://ceesty.com/w2sKQo;http://ceesty.com/w2sKsr;https://www.ziperto.com/bomberman-generation/;;;;;
Open Season GCN/GameCube ISO (USA);http://festyy.com/w2rvI1;http://festyy.com/w2rvId;http://festyy.com/w2rvT7;http://festyy.com/w2rvUg;https://multiup.org/en/mirror/62b7dc0bf1a0ff6263fefa3278765016/OS-USA-GCN-ZIPERTO.rar;https://www.ziperto.com/freekstyle-gcn/;;;;;
Fight Night Round 2 GCN/GameCube ISO (USA);http://corneey.com/w194kd;http://corneey.com/w194hY;http://corneey.com/w194gD;http://corneey.com/w194go;http://corneey.com/w194dd;https://www.ziperto.com/freekstyle-gcn/;;;;;
Freekstyle GCN/GameCube ISO (USA);http://gestyy.com/w12GiI;http://gestyy.com/w12GyS;http://gestyy.com/w12Gt3;http://gestyy.com/w12GrM;http://gestyy.com/w12Gq1;https://www.ziperto.com/mario-superstar-baseball-gcn/;;;;;
Animal Crossing GCN/GameCube ISO (EUR);http://corneey.com/w1JusF;http://corneey.com/w1JuoG;http://corneey.com/w1JuuL;http://corneey.com/w1Juyu;http://corneey.com/w1Jur4;https://www.ziperto.com/mario-superstar-baseball-gcn/;;;;;
Bomberman Generation GCN/GameCube ISO (EUR);http://festyy.com/wM3UAN;http://festyy.com/wM3UOn;http://festyy.com/wM3UUI;http://festyy.com/wM3UTi;http://festyy.com/wM3UEX;https://www.ziperto.com/donkey-konga/;;;;;
Donkey Konga 2 GCN/GameCube ISO (EUR);http://corneey.com/wMLnKE;http://corneey.com/wMLnJG;http://corneey.com/wMLnHC;http://corneey.com/wMLnHe;https://www.ziperto.com/donkey-konga/;;;;;;
Donkey Kong Jungle Beat GCN/GameCube ISO (EUR);http://festyy.com/wMUy5t;http://festyy.com/wMUyLE;http://festyy.com/wMUyXg;http://festyy.com/wMUyJ1;https://www.ziperto.com/mario-superstar-baseball-gcn/;;;;;;
Donkey Kong Jungle Beat GCN/GameCube ISO (USA);http://corneey.com/wMQSGs;http://corneey.com/wMQSFb;http://corneey.com/wMQSDx;http://corneey.com/wMQSPA;https://www.ziperto.com/x-men-2-wolverines-revenge/;;;;;;
Mario Superstar Baseball GCN/GameCube ISO (EUR);http://festyy.com/wMgWkI;http://festyy.com/wMgWjN;http://festyy.com/wMgWjh;http://festyy.com/wMgWhi;http://festyy.com/wMgWgR;https://www.ziperto.com/mario-power-tennis/;;;;;
Metroid Prime GCN/GameCube ISO (EUR);http://gestyy.com/wMrSij;http://gestyy.com/wMrSuE;http://gestyy.com/wMrSy4;http://gestyy.com/wMrSym;http://gestyy.com/wMrStW;https://www.ziperto.com/metroid-prime-2-echoes/;;;;;
Shark Tale GCN/GameCube ISO (USA);http://festyy.com/wMqkeZ;http://festyy.com/wMqj84;http://festyy.com/wMqj8y;http://festyy.com/wMqj60;http://festyy.com/wMqj5w;https://www.ziperto.com/x-men-2-wolverines-revenge/;;;;;
Fire Emblem: Path of Radiance GCN/GameCube ISO (EUR);http://gestyy.com/wNVOp9;http://gestyy.com/wNVOpq;http://gestyy.com/wNVOyK;;;;;;;;
The Legend of Zelda – Collector’s Edition GCN/GameCube ISO (EUR);http://ceesty.com/wNIRx2;http://ceesty.com/wNIRxr;http://ceesty.com/wNIRh2;http://ceesty.com/wNIRfe;;;;;;;
Dancing Stage Mario Mix GCN/GameCube ISO (EUR);http://festyy.com/wNRnvX;http://festyy.com/wNRnxh;http://festyy.com/wNRnzk;http://festyy.com/wNRnks;https://www.ziperto.com/mario-smash-football/;;;;;;
X-Men 2: Wolverine’s Revenge GCN/GameCube ISO (EUR);http://destyy.com/wNmI4s;http://destyy.com/wNmI3f;http://destyy.com/wNmI1S;http://destyy.com/wNmI95;http://destyy.com/wNmI1i;https://www.ziperto.com/superman-shadow-of-apokolips/;;;;;
Mario Party 7 GCN/GameCube ISO (EUR);http://corneey.com/wNxA72;http://corneey.com/wNxA6y;http://corneey.com/wNxA3M;http://corneey.com/wNxSGh;http://corneey.com/wNxA19;https://www.ziperto.com/mario-party-4/;;;;;
Prince of Persia: Warrior Within GCN/GameCube ISO (EUR);http://ceesty.com/wNl0sj;http://ceesty.com/wNl0o6;http://ceesty.com/wNlrl5;http://ceesty.com/wNl0i8;https://www.ziperto.com/prince-of-persia-the-two-thrones/;;;;;;
Superman – Shadow of Apokolips GCN/GameCube ISO (USA);https://mega.nz/#!4g51TQLZ!LoWQ2Ub1YNx_hu4A4CNofhabhZIL3QdkpQzJKE9hL1g;http://destyy.com/wNuMdW;http://destyy.com/wNuMd1;http://destyy.com/wNuMsF;http://destyy.com/wNuMaH;;;;;;
Mario Smash Football GCN/GameCube ISO (EUR);https://www.ziperto.com/super-mario-strikers-gcn-iso/;http://destyy.com/wNyU8v;http://corneey.com/wNtuW7;http://corneey.com/wNtuWb;http://corneey.com/wNtucP;http://corneey.com/wNtuxU;;;;;
Madagascar GCN/GameCube ISO (USA);http://gestyy.com/wB84Xh;http://ceesty.com/wN0k8a;http://gestyy.com/wB84LB;http://gestyy.com/wB84Ln;http://gestyy.com/wB84Kj;;;;;;
Mario Kart: Double Dash GCN/GameCube ISO (EUR);http://gestyy.com/wB7Yhs;http://festyy.com/wB6ySz;http://festyy.com/wB6yAY;http://festyy.com/wB6yPl;http://festyy.com/wB6yOP;;;;;;
The Legend of Zelda Ocarina of Time Master Quest GCN/GameCube ISO (EUR);http://destyy.com/wBMOym;http://destyy.com/wBMOam;http://destyy.com/wBMOsK;http://destyy.com/wBMOso;http://destyy.com/wBMOpk;;;;;;
The Legend of Zelda: Four Swords Adventures GCN/GameCube ISO (EUR);http://corneey.com/wBB7Pm;http://corneey.com/wBB7Uj;http://corneey.com/wBB7IR;http://corneey.com/wBB7UM;http://corneey.com/wBB7Yf;https://www.ziperto.com/warioware-inc-mega-microgames/;;;;;
The Legend of Zelda: The Wind Waker GCN/GameCube ISO (EUR);http://gestyy.com/wBLTWD;http://gestyy.com/wBLTbc;http://gestyy.com/wBLTnt;http://gestyy.com/wBLTv7;http://gestyy.com/wBLTvE;https://www.ziperto.com/warioware-inc-mega-microgames/;;;;;
The Legend of Zelda Twilight Princess GCN/GameCube ISO (EUR);http://festyy.com/wBGcEB;http://festyy.com/wBGcbF;http://festyy.com/wBGcQl;http://festyy.com/wBGcvA;http://festyy.com/wBGcx4;https://www.ziperto.com/warioware-inc-mega-microgames/;;;;;
Super Smash Bros. Melee GCN/GameCube ISO (EUR);http://destyy.com/wBD6LO;http://destyy.com/wBD6KY;http://destyy.com/wBD6Ks;http://destyy.com/wBD6Jo;http://destyy.com/wBD6G1;;;;;;
Star Wars Rogue Squadron III: Rebel Strike GCN/GameCube ISO (USA);http://destyy.com/wBmu3e;http://destyy.com/wBmuNG;http://destyy.com/wBmu2t;http://destyy.com/wBmu4T;http://destyy.com/wBmuVR;;;;;;
Mission: Impossible Operation Surma GCN/GameCube ISO (USA);http://destyy.com/wBwjF8;http://destyy.com/wBwjDH;http://destyy.com/wBwvZ7;http://destyy.com/wBwvJn;http://destyy.com/wBwjDj;;;;;;
Star Wars Jedi Knight II: Jedi Outcast GCN/GameCube ISO (USA);http://ceesty.com/wV5HYr;http://ceesty.com/wV5HTq;http://ceesty.com/wV5HRd;http://corneey.com/wV8QdW;http://ceesty.com/wV5HE0;;;;;;
Star Wars Rogue Squadron II: Rogue Leader GCN/GameCube ISO (USA);http://festyy.com/wVM33T;http://festyy.com/wVM318;http://festyy.com/wVM3Bx;http://festyy.com/wVM59T;http://festyy.com/wVM3CL;;;;;;
Star Wars: Bounty Hunter GCN/GameCube ISO (USA);http://corneey.com/wVC6zZ;http://corneey.com/wVC6k8;http://corneey.com/wVC6za;http://corneey.com/wVVorx;http://corneey.com/wVC6jj;;;;;;
Metroid Prime 2: Echoes GCN/GameCube ISO (USA);http://ceesty.com/wVKDaj;http://ceesty.com/wVKDp2;http://ceesty.com/wVKDpD;http://ceesty.com/wVKDs3;http://ceesty.com/wVKDoN;;;;;;
Star Wars: The Clone Wars GCN/GameCube ISO (USA);http://festyy.com/wVFQ6W;http://festyy.com/wVFQ5L;http://festyy.com/wVFQ45;http://festyy.com/wVFW7X;http://festyy.com/wVFQ3r;;;;;;
Super Bubble Pop GCN/GameCube ISO (USA);http://destyy.com/wVOCCf;http://destyy.com/wVOCXZ;http://destyy.com/wVOCXa;http://destyy.com/wVAs5D;http://destyy.com/wVOCL3;;;;;;
NASCAR: Dirt to Daytona GCN/GameCube ISO (USA);http://ceesty.com/wVRUaS;http://ceesty.com/wVRUpO;http://ceesty.com/wVRUoH;http://ceesty.com/wVRUi7;;;;;;;
Amazing Island GCN/GameCube ISO (USA);http://ceesty.com/wVWeES;http://ceesty.com/wVWeW3;http://ceesty.com/wVWeQ5;http://ceesty.com/wVWt6X;http://ceesty.com/wVWem7;;;;;;
1080 Silver Storm GCN/GameCube ISO (JPN);http://festyy.com/wVlyqo;http://festyy.com/wVly0m;http://festyy.com/wVlt88;http://festyy.com/wVxhPv;http://festyy.com/wVlt59;;;;;;
Ribbit King GCN/GameCube ISO (USA);http://corneey.com/wVdaUe;http://corneey.com/wVdaYz;http://corneey.com/wVdaTu;http://destyy.com/wVgd12;http://corneey.com/wVdaW1;;;;;;
Viewtiful Joe: Red Hot Rumble GCN/GameCube ISO (USA);http://ceesty.com/wVop9U;http://ceesty.com/wVop8L;http://ceesty.com/wVop75;http://corneey.com/wVp7Vk;http://ceesty.com/wVop7w;;;;;;
Monopoly Party GCN/GameCube ISO (USA);http://gestyy.com/wVecB8;http://gestyy.com/wVecBp;http://gestyy.com/wVecZ6;http://ceesty.com/wVu0Sp;http://gestyy.com/wVecKA;;;;;;
Tetris Worlds GCN/GameCube ISO (USA);http://ceesty.com/wCMT1s;http://ceesty.com/wCMTNT;http://ceesty.com/wCMTZZ;http://ceesty.com/wCMTJX;http://ceesty.com/wCMTMo;;;;;;
Viewtiful Joe 2 GCN/GameCube ISO (USA);http://gestyy.com/wCV0wY;http://gestyy.com/wCV0q2;http://gestyy.com/wCV00m;http://ceesty.com/wCBguo;http://gestyy.com/wCC99C;;;;;;
Viewtiful Joe GCN/GameCube ISO (USA);http://festyy.com/wCKq3A;http://festyy.com/wCKq3c;http://festyy.com/wCKq2E;http://festyy.com/wCKq1m;http://festyy.com/wCKqNO;;;;;;
Virtua Quest GCN/GameCube ISO (USA);http://ceesty.com/wCPLWd;http://ceesty.com/wCPLQO;http://ceesty.com/wCPLmX;http://corneey.com/wCDuue;http://ceesty.com/wCPLnV;;;;;;
Big Mutha Truckers GCN/GameCube ISO (USA);http://gestyy.com/wCRJwq;http://gestyy.com/wCRJqk;http://gestyy.com/wCRJ0B;http://gestyy.com/wCYN4R;http://gestyy.com/wCRJ0g;;;;;;
Disney’s PK Out of the Shadows GCN/GameCube ISO (USA);http://festyy.com/wCQrTi;http://festyy.com/wCQrRn;http://festyy.com/wCQrEA;http://festyy.com/wCQrUo;http://festyy.com/wCQrEs;;;;;;
Disney’s Hide and Sneak GCN/GameCube ISO (USA);http://corneey.com/wClXoD;http://corneey.com/wClXim;http://corneey.com/wClXtj;http://corneey.com/wClXem;;;;;;;
Capcom vs. SNK 2 EO Millionaire Fighting 2001 GCN/GameCube ISO (JPN);http://ceesty.com/wCgLJ4;http://ceesty.com/wCgLHS;http://ceesty.com/wCgLFM;http://ceesty.com/wCjFX5;http://ceesty.com/wCgLFs;;;;;;
Casper: Spirit Dimensions GCN/GameCube ISO (USA);http://festyy.com/wCoikj;http://festyy.com/wCoijl;http://festyy.com/wCoigU;http://festyy.com/wCoafJ;http://festyy.com/wCoidY;;;;;;
Chicken Little GCN/GameCube ISO (USA);http://corneey.com/wCrlPc;http://corneey.com/wCrlOI;http://corneey.com/wCrlIN;http://corneey.com/wCrlS1;http://corneey.com/wCrlIT;;;;;;
Godzilla: Destroy All Monsters Melee GCN/GameCube ISO (USA);http://ceesty.com/wCqu63;http://ceesty.com/wCqu5u;http://ceesty.com/wCqu26;http://corneey.com/wCwjTq;http://ceesty.com/wCqu1t;;;;;;
Goblin Commander Unleash the Horde GCN/GameCube ISO (USA);http://ceesty.com/wX9BzO;http://ceesty.com/wX9Bl5;http://ceesty.com/wX9BkD;http://ceesty.com/wX9BT1;http://ceesty.com/wX9Bjm;;;;;;
Freedom Fighters GCN/GameCube ISO (USA);https://1fichier.com/?8dfh7zvmsa016e7yn5w2&af=62851;https://openload.co/f/pfM43wnac0U/FF-USA-GCN-ZIPERTO.rar;https://www.mediafire.com/view/5cfmx70at23y5j2;https://mega.nz/#!1hMw2ArR!2Gc_hKEykm1lwrRs_XjFEIpSkrLzpCf8Js00CXrZGeg;https://multiup.org/en/mirror/dead16f368a399ec1b7f4156955b052e/FF-USA-GCN-ZIPERTO.rar;;;;;;
Monsters, Inc. Scream Arena GCN/GameCube ISO (USA);https://1fichier.com/?9becf77h1ixooz8mvcd3&af=62851;https://www.mediafire.com/view/jwbosnbgwraikhi;https://uptobox.com/hg8634br742n;https://mega.nz/#!45twSKba!hDlJFxy7ld1eaUMtSXBH6KPFLxHU4Fb77hn36dEcYn8;https://multiup.org/en/mirror/6d3c7425001af4cb02077eda51dc5565/DP-MI-SA-USA-GCN-ZIPERTO.rar;;;;;;
Disney Pixar Cars GCN/GameCube ISO (USA);https://1fichier.com/?nfdd5pckvx737sw56hfw&af=62851;https://openload.co/f/Ysk-ppMUZWM/DP-C-USA-GCN-ZIPERTO.rar;https://uptobox.com/e4wag8aq19l0;https://mega.nz/#!I48FyAbT!tAMb7RxHFNeoRCwl6IpaRXDmIQ4TJ6JPPOilcbiv25g;https://multiup.org/en/mirror/f70f10b14279e26986b3332657118b96/DP-C-USA-GCN-ZIPERTO.rar;;;;;;
The Incredibles: Rise of the Underminer GCN/GameCube ISO (USA);https://1fichier.com/?5yemca9myh0szt4b4f3o&af=62851;https://megaup.net/60t1/DP-TI-ROTU-USA-GCN-ZIPERTO.rar;https://uptobox.com/fd98mtt7p5h2;https://mega.nz/#!xscGRSTZ!HeObnKARS-iVHIAZiySpbP1d_XieEjZGT8UgSPb3XvQ;https://multiup.org/en/mirror/86f19ad233ab8492e18ee443194dbe6b/DP-TI-ROTU-USA-GCN-ZIPERTO.rar;;;;;;
The Incredibles (video game) GCN/GameCube ISO (USA);https://1fichier.com/?pniji7mjd3vg3eafb1pn&af=62851;https://megaup.net/iyYD/TI-USA-GCN-ZIPERTO.rar;https://uptobox.com/9vj7yoptm8x1;https://mega.nz/#!I1MihSQD!bed5XY5sbJe4cVSNuGGnwWTVNLC1JoLmNowv0jmq62c;https://multiup.org/en/mirror/92cd9d0bb9da28a24dd150f50b3120dd/TI-USA-GCN-ZIPERTO.rar;;;;;;
Bratz: Rock Angelz GCN/GameCube ISO (USA);https://1fichier.com/?qippiq0ad95j3zl2zu65&af=62851;https://megaup.net/aabl/B-RA-USA-GCN-ZIPERTO.rar;https://uptobox.com/oirquk1zjp9q;https://mega.nz/#!g59UjSTI!iJ_k3YTpXlh9GBo61UckwhrSs0TheQ1A-Itrs-BZKM8;https://multiup.org/en/mirror/52eb56b123765468d7dba33e6fa5eb24/B-RA-USA-GCN-ZIPERTO.rar;;;;;;
Bratz Forever Diamondz GCN/GameCube ISO (USA);https://1fichier.com/?bi9r0vosyjcd4m03jmr2&af=62851;https://openload.co/f/CdnjQ3JiojE/B-FD-USA-GCN-ZIPERTO.rar;https://megaup.net/ix1g/B-FD-USA-GCN-ZIPERTO.rar;https://mega.nz/#!c41hAaJa!D-b1TIgUlddUQXm_7Tw-GVWNOW6Yc4wCx3LjWHdIIOc;https://multiup.org/en/mirror/ca9a55ba2810c08789acb342e0e83cb5/B-FD-USA-GCN-ZIPERTO.rar;;;;;;
Avatar: The Last Airbender GCN/GameCube ISO (USA);https://1fichier.com/?6qriyc57yg8bpy73m90y&af=62851;https://mega.nz/#!s8Em3YoZ!5u-yJ0OijzkflRrH28kdlY6qvf9QOUNMBg4YuGGkxlQ;https://uptobox.com/meze5jcag4lw;https://mega.nz/#!s8Em3YoZ!5u-yJ0OijzkflRrH28kdlY6qvf9QOUNMBg4YuGGkxlQ;https://multiup.org/en/mirror/6671728b90a9c2119edc079d4a245edd/A-TLAB-USA-GCN-ZIPERTO.rar;;;;;;
Aquaman Battle for Atlantis GCN/GameCube ISO (USA);https://1fichier.com/?b5jx1ig2ysf87bqkv7nl&af=62851;https://megaup.net/a4bh/AM-BFA-USA-GCN-ZIPERTO.rar;https://uptobox.com/yy06fjd1ae2h;https://mega.nz/#!Q1FxRYSL!qrH9qi8viBfTB-zPXFosvfDNWF6ghnbhTERJeOe7e8M;https://multiup.org/en/mirror/552c231a20aeac81d472225f545d75a5/AM-BFA-USA-GCN-ZIPERTO.rar;;;;;;
American Chopper 2 Full Throttle GCN/GameCube ISO (USA);https://1fichier.com/?l5grh34uhvfgtkd87z0p&af=62851;https://www.filesupload.org/f6c5014092d6e1f3cbcb22d4a7df9aa4/AC2-FT-USA-GCN-ZIPERTO.rar;https://uptobox.com/9vu8ykjbyxpo;https://mega.nz/#!k481RIxa!B-G2V17TUkMvVlzm07EsW5qlMQecjZNiEC9kD16TgCM;https://multiup.org/en/mirror/342b1ce00de150824c1c1448811b6e09/AC2-FT-USA-GCN-ZIPERTO.rar;;;;;;
Billy Hatcher and the Giant Egg GCN/GameCube ISO (EUR);https://1fichier.com/?iwnwm7ls9z3xoh7g9a9j&af=62851;https://megaup.net/injZ/BH-GE-EUR-GCN-ZIPERTO.rar;https://uptobox.com/fhmzck6h6ngf;https://mega.nz/#!anQ0zYpR!zHT05lGkmqx7n6dRwpwRGDYSg-qvaOdBczRXEgs0E-Q;https://multiup.org/en/mirror/2db98f2f0fe9793a9f556176dba361f5/BH-GE-EUR-GCN-ZIPERTO.rar;;;;;;
Sega Soccer Slam GCN/GameCube ISO (EUR);https://1fichier.com/?4lsssgneswz1n0610nne&af=62851;https://uptobox.com/3dbll3pmhg3n;https://www.filesupload.org/82f0848297f80e08fe0782dfa0cdd4ff/SSS-EUR-GCN-ZIPERTO.rar;https://mega.nz/#!azw2jYgS!fIE3hXEqdrH-FrBc_flWseNOc7svRu1otpQf7IeFl8s;https://multiup.org/en/mirror/07a34398e30643c950167aa9040306c1/SSS-EUR-GCN-ZIPERTO.rar;;;;;;
The Italian Job GCN/GameCube ISO (USA);http://ceesty.com/wZl7Kx;http://ceesty.com/wZl7Gs;http://ceesty.com/wZl7JW;http://ceesty.com/wZl7Hz;http://ceesty.com/wZl7Fr;;;;;;
Second Sight GCN/GameCube ISO (EUR);http://gestyy.com/wZhDo3;http://gestyy.com/wZhDiY;http://gestyy.com/wZhDsE;http://gestyy.com/wZhDuf;http://gestyy.com/wZhDtC;;;;;;
SpongeBob SquarePants Battle for Bikini Bottom GCN/GameCube ISO (USA);http://destyy.com/wZwvXB;http://destyy.com/wZwvXp;http://destyy.com/wZwvXp;http://destyy.com/wZwvZc;http://destyy.com/wZwvJ6;http://destyy.com/wZwvHR;https://www.ziperto.com/donkey-konga/;;;;
Robotech Battlecry GCN/GameCube ISO (EUR);http://corneey.com/wL6yS2;http://corneey.com/wL6yAN;http://corneey.com/wL6yPC;http://corneey.com/wL6yOB;http://corneey.com/wL6yIQ;;;;;;
Need for Speed Underground GCN/GameCube ISO (EUR);http://ceesty.com/wL4unw;http://ceesty.com/wL4uvG;http://ceesty.com/wL4uc6;http://ceesty.com/wL4uxR;http://ceesty.com/wL4ulf;https://www.ziperto.com/need-for-speed-hot-pursuit-2/;;;;;
Medal of Honor Frontline GCN/GameCube ISO (USA);http://ceesty.com/wL2TqR;http://ceesty.com/wL2R9D;http://ceesty.com/wL2R8x;http://ceesty.com/wL2R6g;http://ceesty.com/wL2R42;https://www.ziperto.com/pitfall-the-lost-expedition/;;;;;
NBA Live 2005 GCN/GameCube ISO (USA);http://festyy.com/wLX1DX;http://festyy.com/wLX1Sb;http://festyy.com/wLX1PW;http://festyy.com/wLCxIX;http://festyy.com/wLX1I5;https://www.ziperto.com/ufc-throwdown/;;;;;
Looney Tunes Back in Action GCN/GameCube ISO (USA);http://destyy.com/wLJSVs;http://destyy.com/wLJSCv;http://destyy.com/wLJSXW;http://destyy.com/wLJSZ2;http://destyy.com/wLJSZU;https://www.ziperto.com/super-mario-sunshine/;;;;;
Lego Star Wars The Video Game GCN/GameCube ISO (USA);http://corneey.com/wLAvbB;http://corneey.com/wLAvcP;http://corneey.com/wLAvl2;http://corneey.com/wLAvYd;http://corneey.com/wLAvh2;https://www.ziperto.com/lego-star-wars-ii-the-original-trilogy/;;;;;
Lara Croft Tomb Raider: Legend GCN/GameCube ISO (USA);http://corneey.com/wLUTzh;http://corneey.com/wLUTlD;http://corneey.com/wLUTkt;http://corneey.com/wLUTh8;http://corneey.com/wLUTgB;https://www.ziperto.com/hitman-2-silent-assassin/;;;;;
Harry Potter and the Goblet of Fire GCN/GameCube ISO (USA);http://ceesty.com/wLRfQl;http://ceesty.com/wLRfmC;http://ceesty.com/wLRfnm;http://ceesty.com/wLRfbI;http://ceesty.com/wLRfvH;https://www.ziperto.com/harry-potter-and-the-sorcerers-stone/;;;;;
Hitman 2: Silent Assassin GCN/GameCube ISO (USA);http://gestyy.com/wLQbhT;http://gestyy.com/wLQbgP;http://gestyy.com/wLQbf1;http://gestyy.com/wLQbdF;http://gestyy.com/wLQbsP;https://www.ziperto.com/james-bond-007-nightfire-gcn/;;;;;
Harry Potter and the Sorcerer’s Stone GCN/GameCube ISO (USA);http://festyy.com/wLn4jJ;http://festyy.com/wLn4hC;http://festyy.com/wLn4hx;http://festyy.com/wLn4f6;http://festyy.com/wLn4fp;https://www.ziperto.com/harry-potter-and-the-prisoner-of-azkaban-gcn/;;;;;
Harry Potter and the Prisoner of Azkaban GCN/GameCube ISO (USA);http://festyy.com/wLn3zS;http://festyy.com/wLn3cM;http://festyy.com/wLn3l6;http://festyy.com/wLn4v3;http://festyy.com/wLn3jX;https://www.ziperto.com/harry-potter-and-the-chamber-of-secrets/;;;;;
Harry Potter and the Chamber of Secrets GCN/GameCube ISO (USA);http://destyy.com/wLc4Qa;http://destyy.com/wLc4ml;http://destyy.com/wLc4nx;http://destyy.com/wLc4bm;http://destyy.com/wLc4vJ;https://www.ziperto.com/harry-potter-quidditch-world-cup/;;;;;
Super Mario Sunshine GCN/GameCube ISO (USA);http://corneey.com/wLkv0I;http://corneey.com/wLkc92;http://corneey.com/wLkc8X;http://corneey.com/wLkc79;http://corneey.com/wLkc7n;https://www.ziperto.com/paper-mario-the-thousand-year-door-gamecube-iso/;;;;;
Nintendo Puzzle Collection GCN/GameCube ISO (JPN);http://corneey.com/wK8xNO;http://corneey.com/wK8xVe;http://corneey.com/wK8xXI;http://corneey.com/wK8xH7;https://www.ziperto.com/puyo-pop-fever/;;;;;;
The Incredible Hulk Ultimate Destruction GCN/GameCube ISO (USA);http://festyy.com/wK2mgo;http://festyy.com/wK2mfO;http://festyy.com/wK2mdM;http://festyy.com/wK2mog;https://www.ziperto.com/i-ninja-gcn/;;;;;;
I-Ninja GCN/GameCube ISO (USA);http://corneey.com/wKClEH;http://corneey.com/wKClEs;http://corneey.com/wKClW4;http://corneey.com/wKClWX;http://corneey.com/wKClWj;https://www.ziperto.com/neighbours-from-hell/;;;;;
Neighbours from Hell GCN/GameCube ISO (EUR);http://gestyy.com/wKHBFJ;http://gestyy.com/wKHBD8;http://gestyy.com/wKHBDk;http://gestyy.com/wKHBSX;http://gestyy.com/wKHBSj;https://www.ziperto.com/hello-kitty-roller-rescue/;;;;;
Hello Kitty: Roller Rescue GCN/GameCube ISO (USA);http://ceesty.com/wKY6aK;http://ceesty.com/wKY6aj;http://ceesty.com/wKY6it;http://ceesty.com/wKY6pM;http://ceesty.com/wKY6pr;https://www.ziperto.com/pitfall-the-lost-expedition/;;;;;
Pitfall: The Lost Expedition GCN/GameCube ISO (USA);http://gestyy.com/wKETZI;http://gestyy.com/wKETZd;http://gestyy.com/wKEUQV;http://gestyy.com/wKETKK;http://gestyy.com/wKETJZ;https://www.ziperto.com/egg-mania-eggstreme-madness-gcn/;;;;;
Egg Mania: Eggstreme Madness GCN/GameCube ISO (USA);http://festyy.com/wKQuCh;http://festyy.com/wKQuLV;http://festyy.com/wKQuXD;http://festyy.com/wKQuXe;http://festyy.com/wKQuKg;https://www.ziperto.com/wwe-wrestlemania-x8/;;;;;
WWE WrestleMania X8 GCN/GameCube ISO (EUR);http://corneey.com/wKcz7o;http://corneey.com/wKcz4e;http://corneey.com/wKcz6G;http://corneey.com/wKcz59;http://corneey.com/wKcz2J;https://www.ziperto.com/ufc-throwdown/;;;;;
UFC Throwdown GCN/GameCube ISO (USA);http://gestyy.com/wKg5AN;http://gestyy.com/wKg5Pa;http://gestyy.com/wKg5Ag;http://gestyy.com/wKg5To;http://gestyy.com/wKg5RS;https://www.ziperto.com/disneys-extreme-skate-adventure/;;;;;
The Legend of Zelda: Twilight Princess GCN/GameCube ISO (USA);http://festyy.com/wKdFJg;http://festyy.com/wKdFHS;http://festyy.com/wKdFG9;http://festyy.com/wKdFGd;http://festyy.com/wKdFFH;https://www.ziperto.com/warioware-inc-mega-microgames/;;;;;
Puyo Pop Fever GCN/GameCube ISO (USA);http://destyy.com/wKaWEw;http://destyy.com/wKaWWc;http://destyy.com/wKaWQU;http://destyy.com/wKaWQo;http://destyy.com/wKaWmf;https://www.ziperto.com/warioware-inc-mega-microgames/;;;;;
WarioWare, Inc.: Mega Microgames! GCN/GameCube ISO (USA);http://gestyy.com/wKt8o3;http://gestyy.com/wKt8i8;http://gestyy.com/wKt8ix;http://gestyy.com/wKt8uY;http://gestyy.com/wKt8uw;https://www.ziperto.com/phantasy-star-online-episode-iii-c-a-r-d-revolution-gcn-gamecube-iso-usa/;;;;;
Phantasy Star Online Episode III: C.A.R.D. Revolution GCN/GameCube ISO (USA);http://festyy.com/wKrpdD;http://festyy.com/wKrps4;http://festyy.com/wKrpa6;http://festyy.com/wKrpaI;http://festyy.com/wKrpan;https://www.ziperto.com/custom-robo/;;;;;
Custom Robo GCN/GameCube ISO (USA);http://destyy.com/wK0KVu;http://destyy.com/wK0KCb;http://destyy.com/wK01aX;http://destyy.com/wK0KKv;http://destyy.com/wK0KIc;https://www.ziperto.com/super-monkey-ball-2-gcn-gamecube-iso-usa/;;;;;
Super Monkey Ball 2 GCN/GameCube ISO (USA);http://festyy.com/wJBuQZ;http://festyy.com/wJBume;http://festyy.com/wJBdjU;http://festyy.com/wJBub9;http://festyy.com/wJBubn;https://www.ziperto.com/pac-man-world-2/;;;;;
Disney’s Extreme Skate Adventure GCN/GameCube ISO (USA);http://destyy.com/wJXg68;http://destyy.com/wJXhqO;http://destyy.com/wJXh0l;http://destyy.com/wJXg9k;http://destyy.com/wJXg8i;https://www.ziperto.com/pac-man-world-2/;;;;;
Mario Golf Toadstool Tour GCN/GameCube ISO (USA);http://gestyy.com/wJD79S;http://gestyy.com/wJD8lJ;http://gestyy.com/wJFc66;https://www.ziperto.com/donkey-konga-2-gcn-iso/;;;;;;;
Donkey Konga GCN/GameCube ISO (EUR);http://festyy.com/wJAdx8;http://festyy.com/wJAdxb;http://festyy.com/wJAdz7;http://festyy.com/wJAdll;http://festyy.com/wJAdkU;https://www.ziperto.com/donkey-konga-2-gcn-iso/;;;;;
Resident Evil 3: Nemesis GCN/GameCube ISO (EUR);http://gestyy.com/wMw5pi;http://gestyy.com/wMw5r8;http://gestyy.com/wMw5iQ;http://gestyy.com/wMw5wb;;;;;;;
WWE Day of Reckoning 2 GCN/GameCube ISO (USA);http://gestyy.com/wJvOta;http://gestyy.com/wJvOrd;http://gestyy.com/wJvOeQ;http://gestyy.com/wJvOwY;http://gestyy.com/wJvO0N;;;;;;
Spartan: Total Warrior GCN/GameCube ISO (USA);http://destyy.com/wJjoLi;http://destyy.com/wJjyNY;http://destyy.com/wJjyB9;http://destyy.com/wJjyBp;http://destyy.com/wJjyVx;;;;;;
Shadow the Hedgehog GCN/GameCube ISO (USA);http://ceesty.com/wJr2L9;http://ceesty.com/wJtWqx;http://ceesty.com/wJtQ8j;http://ceesty.com/wJtQ7l;http://ceesty.com/wJr2XN;http://ceesty.com/wJtWyy;http://ceesty.com/wJtWti;http://ceesty.com/wJtWrO;http://ceesty.com/wJtWwD;;
The Grim Adventures of Billy and Mandy GCN/GameCube ISO (USA);http://festyy.com/wH6Nrz;http://festyy.com/wH6Nr0;http://festyy.com/wH6NeY;http://festyy.com/wH6Nwl;http://festyy.com/wH6B9O;;;;;;
Shonen Jump’s One Piece: Pirates’ Carnival GCN/GameCube ISO (USA);http://destyy.com/wH3cya;http://destyy.com/wH3crz;http://destyy.com/wH3cew;http://destyy.com/wH3c0J;http://destyy.com/wH3x8X;;;;;;
Pac-Man World 2 GCN/GameCube ISO (USA);http://ceesty.com/wHJ2YH;http://ceesty.com/wHJ2RP;http://ceesty.com/wHJ2W8;http://ceesty.com/wHJ2Qs;http://ceesty.com/wHJ2bJ;;;;;;
Luigi’s Mansion GameCube/GCN (USA) ISO;http://gestyy.com/wHSVzT;http://gestyy.com/wHSVx7;http://gestyy.com/wHSVvz;http://gestyy.com/wHSVn4;http://gestyy.com/wHFgD6;http://gestyy.com/wHFgHj;http://gestyy.com/wHSVhb;http://gestyy.com/wHSVk3;http://gestyy.com/wHSVpG;http://gestyy.com/wHSVfU;https://www.ziperto.com/super-smash-bros-melee-gamecube-iso/
Cabela’s Big Game Hunter 2005 Adventures GCN/GameCube ISO (USA);http://festyy.com/wHOdTY;http://festyy.com/wHOdEN;http://festyy.com/wHOdW1;http://festyy.com/wHOdmY;http://festyy.com/wHOdby;;;;;;
The Legend of Zelda Collector’s Edition GCN/GameCube ISO (USA);http://destyy.com/wHQso7;http://destyy.com/wHQsi9;http://destyy.com/wHQseT;http://destyy.com/wHQsyB;http://destyy.com/wHQsqz;;;;;;
Zoids Battle Legends GCN/GameCube ISO (USA);http://festyy.com/wHenPg;http://festyy.com/wHenEI;http://festyy.com/wHenb7;http://festyy.com/wHenl7;http://festyy.com/wHens1;;;;;;
Marvel Nemesis Rise of the Imperfects GCN/GameCube ISO (EUR);http://corneey.com/wGYmHU;http://corneey.com/wGYmSq;http://corneey.com/wGYmU9;http://corneey.com/wGYmkq;;;;;;;
Pac-Man Fever GCN/GameCube ISO (USA);http://gestyy.com/wGrz7Y;http://gestyy.com/wGrzPJ;http://gestyy.com/wGrz2M;http://gestyy.com/wGrzLp;http://gestyy.com/wGrzRR;;;;;;
Harvest Moon Another Wonderful Life GCN/GameCube ISO (USA);http://destyy.com/wFYjqX;http://destyy.com/wFYhGZ;http://destyy.com/wFYh5V;http://destyy.com/wFYhMr;http://destyy.com/wFYhmq;;;;;;
Harvest Moon Magical Melody GCN/GameCube ISO (USA);http://corneey.com/wFfsnC;http://corneey.com/wFfsjo;http://corneey.com/wFfsax;http://corneey.com/wFfsti;http://corneey.com/wFfaVo;;;;;;
Catwoman GCN/GameCube ISO (USA);http://corneey.com/wFfrnB;http://corneey.com/wFfrzp;http://corneey.com/wFfrjG;http://corneey.com/wFfru4;http://corneey.com/wFfeFI;;;;;;
Red Faction II GCN/GameCube ISO (USA);http://ceesty.com/wDL1yp;http://ceesty.com/wDLM6F;http://ceesty.com/wDLMZ2;http://ceesty.com/wDLMDS;http://ceesty.com/wDLMYw;;;;;;
Pikmin 2 GCN/GameCube ISO (EUR);http://festyy.com/wDTd61;http://festyy.com/wDTd5O;http://festyy.com/wDTd3b;http://festyy.com/wDTdM8;http://festyy.com/wDTdBK;;;;;;
Pikmin GCN/GameCube ISO (USA);http://destyy.com/wDg1Nt;http://destyy.com/wDg1Fw;http://destyy.com/wDg1Qv;http://destyy.com/wDg1lK;http://destyy.com/wDg1wW;;;;;;
MX Superfly GCN/GameCube ISO (USA);http://destyy.com/wDgJ3H;http://destyy.com/wDgJGg;http://destyy.com/wDgJED;http://destyy.com/wDgJcd;http://destyy.com/wDgH5c;;;;;;
Tonka Rescue Patrol GCN/GameCube ISO (USA);http://corneey.com/wAtMBJ;http://corneey.com/wAtMZG;http://corneey.com/wAtMDF;http://corneey.com/wAtMIO;http://corneey.com/wAtMYE;;;;;;
Samurai Jack: The Shadow of Aku GCN/GameCube ISO (USA);http://gestyy.com/wPYdUv;http://gestyy.com/wPYdbq;http://gestyy.com/wPYdd6;http://gestyy.com/wPYdoq;http://gestyy.com/wPYdwO;;;;;;
Spyro: Enter the Dragonfly GCN/GameCube ISO (USA);http://gestyy.com/wPYqQ1;http://gestyy.com/wPYqlr;http://gestyy.com/wPYqem;http://gestyy.com/wPY06B;http://gestyy.com/wPY0Cp;;;;;;
Spyro: A Hero’s Tail GCN/GameCube ISO (USA);http://corneey.com/wOYbRG;http://corneey.com/wOYbaK;http://corneey.com/wOYbWt;http://corneey.com/wOYbxo;http://corneey.com/wOYbeO;;;;;;
Ty the Tasmanian Tiger 3: Night of the Quinkan GCN/GameCube ISO (USA);http://corneey.com/wOxOWr;http://corneey.com/wOxOzB;http://corneey.com/wOxOav;http://corneey.com/wOxOqe;http://corneey.com/wOxI6J;;;;;;
Tony Hawk’s American Wasteland GCN/GameCube ISO (USA);http://destyy.com/wU9fuY;http://destyy.com/wU9fqE;http://destyy.com/wU9dMy;http://destyy.com/wU9dZJ;http://destyy.com/wU9dOt;;;;;;
Lego Star Wars II: The Original Trilogy GCN/GameCube ISO (USA);http://destyy.com/wUBRlQ;http://destyy.com/wUBRjy;http://destyy.com/wUBRpn;http://destyy.com/wUBEb4;http://destyy.com/wUBElq;;;;;;
Power Rangers Dino Thunder GCN/GameCube ISO (USA);http://destyy.com/wTVJ5I;http://destyy.com/wTVJMf;http://destyy.com/wTVJZN;http://destyy.com/wTVJHl;http://destyy.com/wTVJOv;;;;;;
Tony Hawk’s Underground 2 GCN/GameCube ISO (USA);http://destyy.com/wTVJzW;http://destyy.com/wTVJdX;http://destyy.com/wTVJic;http://destyy.com/wTVJqN;;;;;;;
Need for Speed: Hot Pursuit 2 GCN/GameCube ISO (USA);http://ceesty.com/wTy6Zp;http://ceesty.com/wTy64p;http://ceesty.com/wTy6O5;http://ceesty.com/wTy6nY;;;;;;;
James Bond 007 From Russia with Love GCN/GameCube ISO (USA);http://ceesty.com/wR1pw0;http://ceesty.com/wR1oNh;http://ceesty.com/wR1o4x;http://ceesty.com/wR1oFk;http://ceesty.com/wR1oWA;;;;;;
Metal Arms Glitch in the System GCN/GameCube ISO (USA);http://gestyy.com/wRzuM9;http://gestyy.com/wRzuHy;http://gestyy.com/wRzuYh;http://gestyy.com/wRzuc4;http://gestyy.com/wRzuoX;;;;;;
Mortal Kombat Deadly Alliance GCN/GameCube ISO (USA);http://festyy.com/wRtP8I;http://festyy.com/wRtPZX;http://festyy.com/wRtPiJ;http://festyy.com/wRtO99;http://festyy.com/wRtOXl;;;;;;
True Crime New York City GCN/GameCube ISO (USA);http://festyy.com/wRtOhh;http://festyy.com/wRtOyZ;http://festyy.com/wRtIBw;http://festyy.com/wRtIDo;;;;;;;
Mystic Heroes GCN/GameCube ISO (USA);http://destyy.com/wEHPWv;http://destyy.com/wEHPvC;http://destyy.com/wEHPly;http://destyy.com/wEHPau;http://destyy.com/wEHPwg;;;;;;
Mortal Kombat Deception GCN/GameCube ISO (USA);http://corneey.com/wEqfw9;http://corneey.com/wEqd61;http://corneey.com/wEqdGQ;http://corneey.com/wEqdPw;http://corneey.com/wEqdno;https://www.ziperto.com/ty-tasmanian-tiger-iso/;;;;;
Need for Speed Most Wanted GCN/GameCube ISO (USA);http://corneey.com/wEqrkD;http://corneey.com/wEqrae;http://corneey.com/wEqrrY;http://corneey.com/wEqrrY;http://corneey.com/wEqe7m;https://www.ziperto.com/need-for-speed-carbon-gcn/;;;;;
Tak 2 The Staff of Dreams GCN/GameCube ISO (USA);http://ceesty.com/wWQAdO;http://ceesty.com/wWQAit;http://ceesty.com/wWQAe0;http://ceesty.com/wWQP80;http://ceesty.com/wWQP6f;https://www.ziperto.com/ty-tasmanian-tiger-iso/;;;;;
Tom Clancy’s Ghost Recon 2 GCN/GameCube ISO (USA);http://ceesty.com/wWQnLD;http://ceesty.com/wWQnAB;http://ceesty.com/wWQnTc;http://ceesty.com/wWQnjt;http://ceesty.com/wWQb8C;https://www.ziperto.com/tom-clancys-ghost-recon/;;;;;
James Bond 007: Everything or Nothing GCN/GameCube ISO (USA);http://gestyy.com/wWy1Bg;http://gestyy.com/wWy1Og;http://gestyy.com/wWy1bw;http://gestyy.com/wWy1ua;http://gestyy.com/wWyMX0;https://www.ziperto.com/007-agent-under-fire/;;;;;
Tony Hawk’s Pro Skater 4 GCN/GameCube ISO (USA);http://festyy.com/wQ4Sza;http://festyy.com/wQ4Sg9;http://festyy.com/wQ4SuM;http://festyy.com/wQ4Sep;http://festyy.com/wQ4S0x;https://www.ziperto.com/tony-hawks-underground-gcn/;;;;;
True Crime: Streets of LA GCN/GameCube ISO (USA);http://festyy.com/wQ4ASl;http://festyy.com/wQSVxo;http://festyy.com/wQSBns;http://festyy.com/wQSBhF;http://festyy.com/wQSV0m;https://www.ziperto.com/tom-clancys-ghost-recon/;;;;;
Pac-Man World Rally GCN/GameCube ISO (USA);http://destyy.com/wQaY0g;http://destyy.com/wQaTBE;http://destyy.com/wQaTO2;http://destyy.com/wQaTxu;http://destyy.com/wQaTtf;https://www.ziperto.com/pac-man-world-3-gamecube-iso/;;;;;
Tom Clancy’s Ghost Recon GCN/GameCube ISO (USA);http://destyy.com/wQp7B3;http://destyy.com/wQp7HG;http://destyy.com/wQp7pO;http://destyy.com/wQp65n;http://destyy.com/wQp6H0;https://www.ziperto.com/tmnt-mutant-melee/;;;;;
P.N.03 GCN/GameCube ISO (USA);http://corneey.com/wm2ICi;http://corneey.com/wm2IjO;http://corneey.com/wm2IqM;http://corneey.com/wm2USH;http://corneey.com/wm2UEB;https://www.ziperto.com/timesplitters-future-perfect-iso/;;;;;
Bloody Roar: Primal Fury GCN/GameCube ISO (USA);http://corneey.com/wm1XTe;http://corneey.com/wm1XkE;http://corneey.com/wm1Z1S;http://corneey.com/wm1ZLE;http://corneey.com/wm1ZYL;https://www.ziperto.com/darkened-skye-gcn/;;;;;
TMNT: Mutant Melee GCN/GameCube ISO (USA);http://corneey.com/wmFCq1;http://corneey.com/wmFXSW;http://corneey.com/wmFXnE;http://corneey.com/wmFXlT;http://corneey.com/wmFXaX;https://www.ziperto.com/timesplitters-future-perfect-iso/;;;;;
TimeSplitters: Future Perfect GCN/GameCube ISO (USA);http://ceesty.com/wmvJLq;http://ceesty.com/wmvJk8;http://ceesty.com/wmvJm2;http://ceesty.com/wmvJYM;http://ceesty.com/wmvJ04;https://www.ziperto.com/timesplitters-2-gcn/;;;;;
Ty the Tasmanian Tiger GCN/GameCube ISO (EUR);http://gestyy.com/wn2guY;http://ceesty.com/wmvYcP;http://ceesty.com/wmvYlj;http://ceesty.com/wmvYdV;http://ceesty.com/wmvYux;https://www.ziperto.com/ty-the-tasmanian-tiger-2-bush-rescue-gcn/;;;;;
Def Jam Vendetta GCN/GameCube ISO (USA);http://gestyy.com/wn2guY;http://gestyy.com/wn2f6l;http://gestyy.com/wn2fUr;http://gestyy.com/wn2fjZ;http://gestyy.com/wn2fa1;https://www.ziperto.com/def-jam-fight-for-ny-gcn/;;;;;
007 Agent Under Fire GCN/GameCube ISO (USA);http://gestyy.com/wn1JSG;http://gestyy.com/wn1JQ6;http://gestyy.com/wn1Jj1;http://gestyy.com/wn1Ju1;http://gestyy.com/wn1H5u;https://www.ziperto.com/space-raiders-gcn/;;;;;
Dakar 2: The World’s Ultimate Rally GCN/GameCube ISO (USA);http://gestyy.com/wnAL7E;http://gestyy.com/wnALDV;http://gestyy.com/wnALZ8;http://gestyy.com/wnALnA;http://gestyy.com/wnALuv;https://www.ziperto.com/burnout-gcn/;;;;;
Need for Speed: Underground 2 GCN/GameCube ISO (EUR);http://gestyy.com/wnAzFA;http://gestyy.com/wnAzP0;http://gestyy.com/wnAzmF;http://gestyy.com/wnAzcJ;http://gestyy.com/wnAzgu;https://www.ziperto.com/need-for-speed-carbon-gcn/;;;;;
Rave Master GCN/GameCube ISO (USA);http://festyy.com/wnxjPn;http://festyy.com/wnxjWa;http://festyy.com/wnxjse;http://festyy.com/wnxhNf;https://www.ziperto.com/blood-omen-2-the-legacy-of-kain-series-gcn/;;;;;;
Blood Omen 2 The Legacy of Kain Series GCN/GameCube ISO (USA);http://festyy.com/wnwAz2;http://festyy.com/wnwAaj;http://festyy.com/wnwP44;http://festyy.com/wnwPWA;http://festyy.com/wnwPdY;https://www.ziperto.com/tak-and-the-power-of-juju-gcn/;;;;;
Darkened Skye GCN/GameCube ISO (USA);http://festyy.com/wnwzwC;http://festyy.com/wnwlKv;http://corneey.com/wbryyu;http://festyy.com/wnwlzG;http://festyy.com/wnwloJ;https://www.ziperto.com/skies-of-arcadia-legends/;;;;;
Mega Man X: Command Mission GCN/GameCube ISO (USA);http://festyy.com/wnwr3T;http://festyy.com/wnwtqL;http://festyy.com/wnwrnh;http://festyy.com/wnwrJ0;http://festyy.com/wnwrf1;https://www.ziperto.com/mega-man-network-transmission-gcn/;;;;;
Skies of Arcadia Legends GCN/GameCube ISO (UNDUB);http://festyy.com/wnqVpE;http://festyy.com/wnqVMp;http://festyy.com/wnqC5V;http://festyy.com/wnqCYo;http://festyy.com/wnqCv5;https://www.ziperto.com/baten-kaitos-origins-gcn/;;;;;
TimeSplitters 2 GCN/GameCube ISO (USA);http://festyy.com/wb9sfR;http://festyy.com/wb9swK;http://festyy.com/wb9aUT;http://festyy.com/wb9afK;http://festyy.com/wb9p8Z;https://www.ziperto.com/aggressive-inline-gcn/;;;;;
Tony Hawk’s Underground GCN/GameCube ISO (USA);http://destyy.com/wbBNHG;http://destyy.com/wbBNTJ;http://destyy.com/wbBNa6;http://destyy.com/wbBB8V;http://destyy.com/wbBBPc;https://www.ziperto.com/aggressive-inline-gcn/;;;;;
Space Raiders GCN/GameCube ISO (USA);http://destyy.com/wbBPXZ;http://destyy.com/wbBPFO;http://destyy.com/wbBPQ4;http://destyy.com/wbBPav;http://destyy.com/wbBO4w;https://www.ziperto.com/mega-man-network-transmission-gcn/;;;;;
Mega Man Network Transmission GCN/GameCube ISO (USA);http://destyy.com/wbOWYS;http://destyy.com/wbOWbI;http://destyy.com/wbOWsd;http://destyy.com/wbOWrf;http://destyy.com/wbOQ8q;https://www.ziperto.com/mega-man-10-wii-iso/;;;;;
Def Jam: Fight for NY GCN/GameCube ISO (USA);http://corneey.com/wbf3is;http://corneey.com/wbf26P;http://corneey.com/wbf2mp;http://corneey.com/wbf2KD;http://corneey.com/wbf2sJ;https://www.ziperto.com/f-zero-gx-gcn-iso/;;;;;
Tak and the Power of Juju GCN/GameCube ISO (USA);http://corneey.com/wbfJb1;http://corneey.com/wbfJfk;http://corneey.com/wbfJq2;http://corneey.com/wbfHV5;http://corneey.com/wbfHSI;https://www.ziperto.com/ty-the-tasmanian-tiger-2-bush-rescue-gcn/;;;;;
Dark Summit GCN/GameCube ISO (USA);http://corneey.com/wbrymu;http://corneey.com/wbrykd;http://corneey.com/wbryyu;http://corneey.com/wbrt6H;http://corneey.com/wbrtMo;https://www.ziperto.com/aggressive-inline-gcn/;;;;;
Ty the Tasmanian Tiger 2: Bush Rescue GCN/GameCube ISO (USA);http://corneey.com/wbrtmx;http://corneey.com/wbrtaq;http://corneey.com/wbrr6a;http://corneey.com/wbrrGg;http://corneey.com/wbrrWG;https://www.ziperto.com/the-simpsons-road-rage-gcn/;;;;;
Need for Speed Carbon GCN/GameCube ISO (USA);http://ceesty.com/wvDIOv;http://ceesty.com/wvDULu;http://ceesty.com/wvDUvy;http://ceesty.com/wvDUw1;http://ceesty.com/wvDYNI;https://www.ziperto.com/crazy-taxi-gcn-iso/;;;;;
Lost Kingdoms 2 GCN/GameCube ISO (USA);http://ceesty.com/wvfIjf;http://ceesty.com/wvfIi5;http://ceesty.com/wvfUSZ;http://ceesty.com/wvfUTO;http://ceesty.com/wvfUxL;https://www.ziperto.com/lost-kingdoms-gcn-iso-download-usa/;;;;;
Aggressive Inline GCN/GameCube ISO (USA);http://ceesty.com/wvfvII;http://ceesty.com/wvfvvT;http://ceesty.com/wvfvpc;http://ceesty.com/wvfc9V;http://ceesty.com/wvfcXw;https://www.ziperto.com/burnout-2-point-of-impact/;;;;;
The Simpsons: Road Rage GCN/GameCube ISO (USA);http://gestyy.com/wvqYfc;http://gestyy.com/wvqYrQ;http://gestyy.com/wvqTKx;http://gestyy.com/wvqTUJ;http://gestyy.com/wvqTs8;https://www.ziperto.com/sonic-adventure-2-battle-gcn/;;;;;
Sonic Adventure 2 Battle GCN/GameCube ISO (USA);http://gestyy.com/wc8frS;http://gestyy.com/wc8d8L;http://gestyy.com/wc8dOL;http://gestyy.com/wc8dQq;http://gestyy.com/wc8dy6;https://www.ziperto.com/sonic-gems-collection-gcn/;;;;;
Rayman Arena GCN/GameCube ISO (USA);http://gestyy.com/wc1Thu;http://gestyy.com/wc1TyX;http://gestyy.com/wc1RMD;http://gestyy.com/wc1RRk;http://gestyy.com/wc1RxZ;https://www.ziperto.com/rayman-3-hoodlum-havoc-gcn-iso/;;;;;
Sonic Gems Collection GCN/GameCube ISO (USA);http://gestyy.com/wc1s5m;http://gestyy.com/wc1sVj;http://gestyy.com/wc1sPJ;http://gestyy.com/wc1sl5;http://gestyy.com/wc1sua;https://www.ziperto.com/sonic-mega-collection-gcn/;;;;;
Skies of Arcadia Legends GCN/GameCube ISO (USA);http://festyy.com/wcjfRF;http://festyy.com/wcjfnz;http://festyy.com/wcjfhd;http://festyy.com/wcjfqJ;http://festyy.com/wcjdA0;https://www.ziperto.com/baten-kaitos-origins-gcn/;;;;;
Ultimate Spider-Man GCN/GameCube ISO (USA);http://corneey.com/wxudok;http://corneey.com/wxus9W;http://corneey.com/wxus12;http://corneey.com/wxusKX;https://www.ziperto.com/prince-of-persia-warrior-within-gcn/;;;;;;
Naruto Clash of Ninja GCN/GameCube ISO (USA);http://corneey.com/wxuzNZ;http://corneey.com/wxuzGN;http://destyy.com/wkMjST;http://corneey.com/wz9PuE;https://www.ziperto.com/naruto-clash-of-ninja-2-gcn/;;;;;;
Beyblade VForce: Super Tournament Battle GCN/GameCube ISO (USA);http://corneey.com/wz87PM;http://corneey.com/wz87bT;http://corneey.com/wz87d1;http://corneey.com/wz87rh;https://www.ziperto.com/nintendo/gamecube/page/4/;;;;;;
The Simpsons Hit And Run GCN/GameCube ISO (USA);http://ceesty.com/wznvSG;http://ceesty.com/wznvht;http://ceesty.com/wznc4r;http://ceesty.com/wzncGK;https://www.ziperto.com/teen-titans-gcn/;;;;;;
Prince of Persia: Warrior Within GCN/GameCube ISO (USA);http://ceesty.com/wzneGg;http://ceesty.com/wznexz;http://ceesty.com/wznw9K;http://ceesty.com/wznwIW;https://www.ziperto.com/prince-of-persia-the-two-thrones/;;;;;;
WWE WrestleMania XIX GCN/GameCube ISO (USA);http://gestyy.com/wzpg6d;http://gestyy.com/wzpgZw;http://gestyy.com/wzpgO7;http://gestyy.com/wzpgdW;https://www.ziperto.com/nintendo/gamecube/page/2/;;;;;;
Teen Titans GCN/GameCube ISO (USA);http://gestyy.com/wzpubJ;http://gestyy.com/wzpuiR;http://gestyy.com/wzpy8B;http://gestyy.com/wzpyBO;https://www.ziperto.com/dragon-ball-z-budokai-2-gcn/;;;;;;
Custom Robo GCN/GameCube ISO (USA);http://gestyy.com/wlCtE6;http://gestyy.com/wlCr3z;http://gestyy.com/wlCrWr;http://gestyy.com/wlCe32;https://www.ziperto.com/capcom-vs-snk-2-eo-millionaire-fighting-2001-gcn-gamecube-iso-usa/;;;;;;
Dragon Ball Z: Budokai 2 GCN/GameCube ISO (USA);http://gestyy.com/wlXCgc;http://gestyy.com/wlXCqL;http://gestyy.com/wlXXBN;http://gestyy.com/wlXZaW;https://www.ziperto.com/wario-world-gcn/;;;;;;
Wario World GCN/GameCube ISO (USA);http://festyy.com/wlmIlJ;http://festyy.com/wlmU9i;http://festyy.com/wlmUSK;https://www.ziperto.com/star-fox-assault/;;;;;;;
Fire Blade GCN/GAMECUBE ISO (USA);http://festyy.com/wlmxej;http://festyy.com/wlmzST;http://festyy.com/wlmzCG;http://festyy.com/wlmzm3;;;;;;;
Burnout GCN/GameCube ISO (USA);http://festyy.com/wlmy1u;http://festyy.com/wlmys7;http://festyy.com/wlmyQl;http://festyy.com/wlmtF5;https://www.ziperto.com/burnout-2-point-of-impact/;;;;;;
Star Fox: Assault GCN/GameCube ISO (USA);http://festyy.com/wlpSv5;http://festyy.com/wlpSjl;http://festyy.com/wlpSsD;http://festyy.com/wlpSij;https://www.ziperto.com/star-fox-adventures-gcn-iso/;;;;;;
Capcom vs. SNK 2 EO Millionaire Fighting 2001 GCN/GameCube ISO (USA);http://festyy.com/wlpRUD;http://festyy.com/wlpRQ9;http://festyy.com/wlpRz0;http://festyy.com/wlpRaW;;;;;;;
Naruto: Clash of Ninja 2 GCN/GameCube ISO (USA);http://destyy.com/wkMj9p;http://destyy.com/wkMjLX;http://destyy.com/wkMjST;http://destyy.com/wkMjEK;;;;;;;
Sonic Adventure DX: Director’s Cut GCN/GameCube ISO (USA);http://destyy.com/wkN7KE;http://destyy.com/wkN7lE;http://destyy.com/wkN7s6;https://www.ziperto.com/sonic-mega-collection-gcn/;;;;;;;
Sonic Mega Collection GCN/GameCube ISO (USA);http://corneey.com/wkoxI5;http://corneey.com/wkoz82;http://corneey.com/wkoz2T;https://www.ziperto.com/sonic-heroes-gcn-iso-usa/;;;;;;;
The Sims 2 GCN/GameCube ISO (USA);http://ceesty.com/wj1DaR;http://ceesty.com/wj1SnG;http://ceesty.com/wj1SdO;https://www.ziperto.com/sonic-riders/;;;;;;;
Sonic Riders GCN/GameCube ISO (USA);http://ceesty.com/wjS4Yn;http://ceesty.com/wjS4hu;http://ceesty.com/wjS3CA;https://www.ziperto.com/mario-power-tennis/;;;;;;;
Mario Power Tennis GameCube/GCN ISO (USA);http://gestyy.com/wjcRjH;http://gestyy.com/wjcR0y;http://gestyy.com/wjcEBL;https://www.ziperto.com/mario-superstar-baseball-gcn-iso/;;;;;;;
Mario Superstar Baseball GCN/GameCube ISO (USA);http://gestyy.com/wjcpAs;http://gestyy.com/wjcpAs;http://gestyy.com/wjcpx2;https://www.ziperto.com/metroid-prime/;;;;;;;
Pokemon Channel GCN/GameCube ISO (USA);http://festyy.com/wjr9Pb;http://festyy.com/w3PdT3;http://festyy.com/w3PdUm;http://festyy.com/w3PdIo;http://festyy.com/w3PdEo;https://www.ziperto.com/pokemon-box-ruby-and-sapphire/;;;;;
Disney-Pixar Ratatouille GCN ISO (USA);http://festyy.com/wjrPH5;http://festyy.com/wjrPYu;https://www.ziperto.com/digimon-world-4/;;;;;;;;
F-Zero GX GCN ISO (USA);http://festyy.com/wjrX56;http://festyy.com/wjrXOs;https://www.ziperto.com/burnout-2-point-of-impact/;;;;;;;;
Mario Party 4 GCN/GameCube ISO (EUR);https://1fichier.com/?hdrw1z3nxb&af=62851;https://mega.nz/#!32Z0ACxT!mLM0TJ-ISdG8z1WStg3YmJ8lmx9c6qAJvHDQTjfghzQ;https://www.ziperto.com/mario-party-6-gcn-iso-usa/;;;;;;;;
Digimon World 4 GCN ISO (USA);http://ceesty.com/wgK11r;http://ceesty.com/wgK1mv;https://www.ziperto.com/battalion-wars-gcn-iso/;;;;;;;;
Prince of Persia: The Two Thrones GCN ISO (USA);http://ceesty.com/wgOse8;http://ceesty.com/wgOs09;http://ceesty.com/wgOa5Z;https://www.ziperto.com/metroid-prime/;;;;;;;
Pokemon Box Ruby and Sapphire GCN ISO (USA);http://ceesty.com/wgOt6i;http://festyy.com/w3BXdd;http://ceesty.com/wgOt11;http://ceesty.com/wgOtBl;https://www.ziperto.com/pokemon-xd-gale-of-darkness-gamecube-iso/;;;;;;
Battalion Wars GCN ISO (USA);http://ceesty.com/wgI88Q;http://ceesty.com/wgI8MS;http://ceesty.com/wgI8Z3;https://www.ziperto.com/star-fox-adventures-gcn-iso/;;;;;;;
Metroid Prime (USA) GameCube/GCN ISO;http://ceesty.com/wGxpfN;http://ceesty.com/wGxpQz;http://ceesty.com/wGxpY0;http://ceesty.com/wGxpJi;http://ceesty.com/wGxpwB;http://ceesty.com/wGxpyQ;http://ceesty.com/wGxasP;http://ceesty.com/wGxaz3;http://gestyy.com/wgx6dk;http://ceesty.com/wgSbJU;https://www.ziperto.com/resident-evil-4-gamecube-iso/
Burnout 2: Point of Impact GCN ISO (USA);http://gestyy.com/wgx32k;http://gestyy.com/wgx3Cg;http://gestyy.com/wgx3FN;https://www.ziperto.com/mario-kart-double-dash-gamecube-iso/;;;;;;;
Batman Begins GCN ISO (USA);http://gestyy.com/wgxLFy;http://gestyy.com/wgxLT2;http://gestyy.com/wgxLcs;https://www.ziperto.com/batman-vengeance/;;;;;;;
Batman: Vengeance GCN ISO (USA);http://festyy.com/wgtXit;http://festyy.com/wgtXwM;http://festyy.com/wgtZAy;;;;;;;;
Batman: Rise of Sin Tzu GCN ISO (USA);http://destyy.com/wf61aA;http://destyy.com/wf61yH;http://destyy.com/wf6M9Z;;;;;;;;
Batman: Dark Tomorrow GCN ISO (USA);http://destyy.com/wf6Xma;http://destyy.com/wf6Xxm;http://destyy.com/wf6XhP;;;;;;;;
Donald Duck: Goin’ Quackers GCN ISO (USA);http://destyy.com/wfBcY1;http://destyy.com/wfBcWm;http://ceesty.com/wCjUKx;;;;;;;;
Bad Boys: Miami Takedown GCN ISO (USA);http://corneey.com/wfGWwx;http://corneey.com/wfGQBV;http://corneey.com/wfGQU1;;;;;;;;
Dead to Rights GCN ISO (USA);http://corneey.com/wfDEqO;http://corneey.com/wfDW4I;http://corneey.com/wfDWcA;;;;;;;;
Crash Tag Team Racing GCN ISO (USA);http://corneey.com/wfDQ3O;http://corneey.com/wfDQX4;http://corneey.com/wfDQAh;;;;;;;;
Chibi-Robo Plug into Adventure GCN ISO (USA);http://corneey.com/wfDQu9;http://corneey.com/wfDQ0p;http://corneey.com/wfDmDx;;;;;;;;
Crash Bandicoot The Wrath of Cortex GCN ISO (USA);http://corneey.com/wfW6v1;http://corneey.com/wfW6hc;http://corneey.com/wfW6uL;;;;;;;;
Call of Duty 2: Big Red One GCN ISO (USA);http://gestyy.com/wfyFvh;http://gestyy.com/wfyFgc;http://gestyy.com/wfyFoV;;;;;;;;
Crazy Taxi GCN ISO (USA);http://gestyy.com/wfyUsT;http://gestyy.com/wfyUqW;http://gestyy.com/wfyYMg;;;;;;;;
Yu-Gi-Oh! The Falsebound Kingdom GCN ISO (USA);http://festyy.com/wdE9il;http://festyy.com/wdE9wT;http://festyy.com/wdE861;;;;;;;;
Sonic Heroes GCN ISO (USA);http://festyy.com/wdENZi;http://festyy.com/wdENFR;http://festyy.com/wdENO8;;;;;;;;
Crash Nitro Kart GCN ISO (USA);http://festyy.com/wdm5lM;http://festyy.com/wdm5fY;http://festyy.com/wdm4AF;;;;;;;;
Super Mario Strikers GCN ISO (USA);http://gestyy.com/wsam0I;http://gestyy.com/wsan5V;http://gestyy.com/wsan20;;;;;;;;
Star Fox Adventures GCN ISO Download (USA);http://corneey.com/wapBpA;http://corneey.com/wapBro;http://corneey.com/wapB0c;https://www.ziperto.com/freekstyle-gcn/;;;;;;;
Gladius GCN ISO (USA);https://www.ign.com/editors-choice/games?genre=strategy;http://festyy.com/wi7bmN;http://festyy.com/wi7bxm;http://festyy.com/wi7bgS;;;;;;;
Mario party 6 GCN ISO (USA);https://www.ign.com/editors-choice/games?genre=party;http://ceesty.com/wt02Rw;http://ceesty.com/wt02xR;http://ceesty.com/wt02j6;;;;;;;
Donkey Konga 2 GCN/GameCube ISO (USA);http://festyy.com/wJAdIZ;http://festyy.com/wrUB9S;http://festyy.com/wrUB3R;https://www.ziperto.com/donkey-konga/;;;;;;;
Dance Dance Revolution Mario Mix GCN/GameCube ISO (USA);http://corneey.com/wwHALH;http://corneey.com/wwHAGz;http://corneey.com/wwHAU9;https://www.ziperto.com/mario-party-4/;;;;;;;
Gauntlet Dark Legacy GCN ISO (USA);https://www.ign.com/editors-choice/games?genre=action;http://festyy.com/wq39K3;http://festyy.com/wq39FJ;http://festyy.com/wq39T4;;;;;;;
Beyond Good & Evil GCN ISO (USA);https://www.ign.com/editors-choice/games?genre=action;http://festyy.com/wq3MtE;http://festyy.com/wq3N9G;http://festyy.com/wq3N3v;;;;;;;
Def Jam: Fight for NY GCN ISO (USA);https://www.ign.com/editors-choice/games?genre=wrestling;http://destyy.com/wqWOMl;http://destyy.com/wqWOHf;http://destyy.com/wqWORi;;;;;;;
Mario Party 5 GCN ISO (USA);https://www.ign.com/editors-choice/games?genre=party;http://corneey.com/wqxuK6;http://corneey.com/wqxuFP;http://corneey.com/wqxuYw;;;;;;;
Rayman 3: Hoodlum Havoc GCN ISO (USA);https://www.ign.com/editors-choice/games?genre=action;http://ceesty.com/w0M0qn;http://ceesty.com/w0N93P;http://ceesty.com/w0N9LP;;;;;;;
Animal Crossing GCN ISO (USA);https://www.ign.com/editors-choice/games?genre=simulation;http://ceesty.com/w0NSPZ;http://ceesty.com/w0NSWQ;http://ceesty.com/w0NSks;;;;;;;
Dragon Ball Z: Sagas GCN ISO (USA);https://www.ign.com/editors-choice/games?genre=adventure;http://gestyy.com/w0Jm7j;;;;;;;;;
Shonen Jump’s One Piece Grand Adventure GCN ISO (USA);https://www.ign.com/games/editors-choice?genre=action;http://destyy.com/q47qgr;http://destyy.com/q47qyX;http://destyy.com/q4707z;;;;;;;
Final Fantasy Crystal Chronicles GCN ISO (USA);https://www.ign.com/games/editors-choice?genre=action;http://clkmein.com/qXDkNO;http://clkmein.com/qXDkK2;;;;;;;;
Harvest Moon A Wonderful Life GCN ISO (USA);https://www.ign.com/games/editors-choice?genre=rpg;http://clkmein.com/qL4JTp;http://clkmein.com/qL4JcJ;;;;;;;;
Eternal Darkness Sanity’s Requiem GCN ISO (EUR);https://www.ign.com/games/editors-choice?genre=adventure;http://clkmein.com/qLXco9;http://clkmein.com/qLXx9P;https://www.ziperto.com/winrar-cracked-v5-40-final-2016-free-download-3264bit/;;;;;;;
Digimon Rumble Arena 2 GCN ISO (USA);https://www.ign.com/games/editors-choice?genre=fighting;http://gestyy.com/qLAq7B;http://gestyy.com/qLAqIB;https://www.ziperto.com/winrar-cracked-v5-40-final-2016-free-download-3264bit/;;;;;;;
The Legend of Zelda Four Swords Adventures GCN/GameCube ISO (USA);http://corneey.com/qFttPw;http://corneey.com/qFttl9;;;;;;;;;
Lost Kingdoms GCN/GameCube ISO (USA);http://destyy.com/wJhSNt;http://destyy.com/wJhSBI;http://destyy.com/wJhSVH;http://destyy.com/wJhSVo;http://destyy.com/wJhSCv;;;;;;
Resident Evil 2 GCN ISO (USA);http://ceesty.com/wWDrgw;http://gestyy.com/wMw5co;http://gestyy.com/wMw5xT;http://gestyy.com/wMw5zi;http://festyy.com/w3BCKu;https://www.ziperto.com/ty-tasmanian-tiger-iso/;;;;;
Kirby Air Ride GCN/GameCube ISO (USA);http://destyy.com/qK5Hmi;http://destyy.com/qK5H0O;;;;;;;;;
Pac Man World 3 GameCube/GCN ISO (USA);http://destyy.com/qK5Lwf;http://destyy.com/qK5K1G;;;;;;;;;
Paper Mario The Thousand-Year Door Gamecube ISO (USA);http://corneey.com/wJdDzB;http://corneey.com/wJdDnn;http://corneey.com/wJdDc9;http://corneey.com/wJdDgF;https://www.ziperto.com/super-mario-sunshine-gamecube-iso/;;;;;;
Luigi’s Mansion GameCube ISO (EUR);http://destyy.com/wJhSsm;http://destyy.com/wJhSsf;http://destyy.com/wJhSaM;http://destyy.com/wJhSaW;http://destyy.com/wJhSo1;https://www.ziperto.com/super-mario-sunshine-gamecube-iso/;;;;;
Metroid Prime 2 Echoes GAMECUBE ISO (EUR);http://festyy.com/w1UYM3;http://festyy.com/w1UYCi;http://festyy.com/w1UYLD;http://destyy.com/qK5CRG;http://festyy.com/w1UYJe;https://www.ziperto.com/resident-evil-4-gamecube-iso/;;;;;
Mario Party 7 GameCube ISO (USA);http://destyy.com/qK5ZAp;http://destyy.com/qK5ZWv;https://www.ziperto.com/winrar-cracked-v5-40-final-2016-free-download-3264bit/;;;;;;;;
Mario Kart: Double Dash GameCube ISO (USA);http://destyy.com/wJhA8L;http://destyy.com/wJhA7E;http://destyy.com/wJhA5D;https://www.ziperto.com/mario-kart-wii-iso/;;;;;;;
Pokemon Colosseum GameCube ISO (USA);http://festyy.com/w3BZMI;http://destyy.com/qK5Nn2;http://destyy.com/qK5Njg;;;;;;;;
The Legend of Zelda Wind Waker Gamecube ISO (USA);http://destyy.com/wL9rpK;http://destyy.com/wL9roG;http://destyy.com/wL9ri1;http://destyy.com/wL9run;http://destyy.com/wL9ryY;;;;;;
The Legend of Zelda Ocarina of Time Master Quest GCN/GameCube ISO (USA);http://destyy.com/wJhPWY;http://destyy.com/wJhPQJ;http://destyy.com/wJhPnO;http://destyy.com/wJhPnj;http://destyy.com/wJhPxd;;;;;;
Super Smash Bros Melee GameCube ISO (USA);http://destyy.com/wJhP7k;http://destyy.com/wJhP6f;http://destyy.com/wJhP4P;http://destyy.com/wJhP2c;http://destyy.com/wJhPMO;;;;;;
Pokemon XD Gale of Darkness Gamecube ISO (USA);http://destyy.com/w0fdLI;http://destyy.com/wJhARb;http://festyy.com/w3BXHO;https://www.ziperto.com/mario-party-7-gamecube-iso/;;;;;;;
Super Mario Sunshine GameCube ISO (EUR);http://corneey.com/wJdALd;http://destyy.com/qK53Pa;http://corneey.com/wJdAHE;https://www.ziperto.com/fire-emblem-path-of-radiance-gamecube-iso/;https://www.ziperto.com/fire-emblem-path-of-radiance-gamecube-iso/;;;;;;
Fire Emblem Path Of Radiance GCN/GameCube ISO (USA);http://festyy.com/wKdSuw;http://festyy.com/wKdSwU;http://festyy.com/wKdSqf;;;;;;;;
