100 Star (Europe).rar,http://tinyurl.com/wdhvcen
5 Star Racing (Europe).rar,http://tinyurl.com/sggn9pp
Actua Golf 3 (Europe).rar,http://tinyurl.com/tl7l5de
Actua Ice Hockey 2 (Europe).rar,http://tinyurl.com/rul7sfe
"Actua Soccer (Europe) (En,Fr,Es,It,Nl,Sv,Da,Fi)..>",http://tinyurl.com/ukqqr49
"Actua Soccer 2 (Europe) (En,Fr,Es,Nl,Pt,Nn,Da).rar",http://tinyurl.com/tmv7znc
Actua Tennis (Europe).rar,http://tinyurl.com/t4vyrzx
"Alien Trilogy (Europe) (En,Fr,Es,It).rar",http://tinyurl.com/tph3m59
All Star Action (Europe) (Disc 1).rar,http://tinyurl.com/tygtxv4
All Star Action (Europe) (Disc 2).rar,http://tinyurl.com/qu6pgjk
"Aqua GT (Europe) (En,Fr,De,Es,It,Nl).rar",http://tinyurl.com/uz7unmc
Archer Maclean's 3D Pool (Europe).rar,http://tinyurl.com/up8jd5a
"Asterix and Obelix Take on Caesar (Europe) (Fr,..>",http://tinyurl.com/vcrl7pj
Autumn-Christmas Releases '96 (Europe).rar,http://tinyurl.com/s5h683b
Baseball 2000 (Europe).rar,http://tinyurl.com/v7mtxsp
Battle Arena Toshinden 4 (Europe).rar,http://tinyurl.com/qp7abvw
"Bedlam (Europe) (En,Fr,De,Es,It,Nl).rar",http://tinyurl.com/u9r9pes
Bishi Bashi Special (Europe).rar,http://tinyurl.com/rt2vhem
"Break Point (Europe) (En,Fr).rar",http://tinyurl.com/vdmuuuz
C3 Racing - Car Constructors Championship (Euro..>,http://tinyurl.com/wp97dow
"CT Special Forces (Europe) (En,Fr,De,Es,It,Nl).rar",http://tinyurl.com/wnzlxfy
Capcom Generations (Europe) (Disc 1).rar,http://tinyurl.com/ttvt86a
Capcom Generations (Europe) (Disc 2).rar,http://tinyurl.com/r82orou
Capcom Generations (Europe) (Disc 3).rar,http://tinyurl.com/wos2zmg
Capcom Generations (Europe) (Disc 4).rar,http://tinyurl.com/v84xsv8
"Carmageddon (Europe) (En,Fr,Es,It).rar",http://tinyurl.com/r6c5eew
"Chill (Europe) (En,Fr,De,Es,It).rar",http://tinyurl.com/r22mun4
Chris Kamara's Street Soccer (Europe).rar,http://tinyurl.com/vodk6qm
Crisis Beat (Europe).rar,http://tinyurl.com/us8kbmn
Dance - UK (Europe).rar,http://tinyurl.com/wkzkyul
Dancing Stage - Euromix (Europe).rar,http://tinyurl.com/wdn8ent
Dancing Stage - Party Edition (Europe).rar,http://tinyurl.com/stogabo
Demo One (Version 1) (Europe).rar,http://tinyurl.com/tworpmf
Demo One (Version 2) (Europe).rar,http://tinyurl.com/svf2nlm
"Destruction Derby Raw (Europe) (En,Fr,De,Es,It)..>",http://tinyurl.com/vz6fsnl
"Dinomaster Party (Europe) (En,Fr,De,Es,It,Nl).rar",http://tinyurl.com/sujqxgn
"Diver's Dream (Europe) (En,Fr,De).rar",http://tinyurl.com/teomyh3
"Dreams (Europe) (En,Fr,De,Es,It).rar",http://tinyurl.com/uearn7v
Equestriad 2001 (Europe).rar,http://tinyurl.com/rko2uw7
"Evo's Space Adventures (Europe) (En,Fr,De,Es,It..>",http://tinyurl.com/s8a4pjg
"Exhumed (Europe) (En,Fr,De,Es).rar",http://tinyurl.com/uwp59fq
F.A. Manager (Europe).rar,http://tinyurl.com/wvugjug
"F.A. Premier League STARS, The (Europe).rar",http://tinyurl.com/r352ytb
FIA World Rally Championship Arcade (Europe) (E..>,http://tinyurl.com/uhaslpb
Family Games Compendium (Europe) (Disc 1).rar,http://tinyurl.com/vl6gr8y
"Family Games Compendium (Europe) (En,Fr,De,It) ..>",http://tinyurl.com/sha7l5m
"Firebugs (Europe) (En,Fr,De,Es,It,Nl,Pt,Sv,Nn,D..>",http://tinyurl.com/vatwded
Fluid (Europe) (v1.1).rar,http://tinyurl.com/uyy9atu
"Formula 1 97 (Europe) (En,Fr,De,Es,It) (v1.1).rar",http://tinyurl.com/wo6s9zp
"Formula One 2001 (Europe) (En,Fi).rar",http://tinyurl.com/tnoou39
"Formula One Arcade (Europe) (En,Fr,De,Es,It).rar",http://tinyurl.com/t3ga7yc
"GP Challenge (Europe) (En,Fr,De,It).rar",http://tinyurl.com/uybtff9
Galaxian 3 (Europe).rar,http://tinyurl.com/s5knvkf
"Golden Goal 98 (Europe) (En,Fr,De,Es,It).rar",http://tinyurl.com/vscfjx5
"Hard Edge (Europe) (En,Fr,De).rar",http://tinyurl.com/uugtaj8
"Hidden & Dangerous (Europe) (En,Fr,De,Es,It).rar",http://tinyurl.com/yx6vpyrj
Hybrid (Europe).rar,http://tinyurl.com/w87t38n
ISS Pro Evolution 2 (Europe).rar,http://tinyurl.com/umq8x7h
Indy 500 (Europe).rar,http://tinyurl.com/rabxqlf
International Cricket Captain 2001 - Ashes Edit..>,http://tinyurl.com/sspltml
"International Moto X (Europe) (En,Fr,De,Es,It,N..>",http://tinyurl.com/yx7ryowz
International Superstar Soccer Pro (Europe) (v1..>,http://tinyurl.com/vr3yxpn
Jet Rider (Europe).rar,http://tinyurl.com/qutp4fd
Jet Rider 2 (Europe).rar,http://tinyurl.com/szywkqh
Kikou (Europe).rar,http://tinyurl.com/w634rt9
"LEGO Racers (Europe) (En,Fr,De,Es,It,Nl,Sv,Nn,D..>",http://tinyurl.com/uqlzltt
London Racer (Europe).rar,http://tinyurl.com/yx33ed57
"Magical World of Disney on PlayStation, The (Eu..>",http://tinyurl.com/rq6f9ed
McDonalds Demo 2 (Europe).rar,http://tinyurl.com/usc526r
Mega Man X3 (Europe).rar,http://tinyurl.com/rap5lnv
Michael Owen's World League Soccer 99 (Europe) ..>,http://tinyurl.com/rxfl7ua
Michael Schumacher's Racing World Kart 2002 (Eu..>,http://tinyurl.com/qkd59kh
"Micro Maniacs (Europe) (En,Fr,De,Es,It).rar",http://tinyurl.com/u5x4n3d
"Mille Miglia (Europe) (En,Fr,De,Es,It).rar",http://tinyurl.com/rvwepev
"Mission, The (Europe) (En,Fr,De,Es,It,Nl,Pt).rar",http://tinyurl.com/qm3omuf
Music - Music Creation for the PlayStation (Eur..>,http://tinyurl.com/wnxvese
OPSM Best Racing Game Ever (Europe).rar,http://tinyurl.com/rd3wb4k
"PGA European Tour Golf (Europe) (En,De).rar",http://tinyurl.com/t4zmb7j
Parodius (Europe).rar,http://tinyurl.com/yx2tbw3w
Pinball Power (Europe).rar,http://tinyurl.com/tes6py7
Premier Manager 2000 (Europe).rar,http://tinyurl.com/qtrdx96
Premier Manager 98 (Europe).rar,http://tinyurl.com/sswoant
Premier Manager Ninety Nine (Europe).rar,http://tinyurl.com/ryzxc3h
"Prince Naseem Boxing (Europe) (En,Fr,De,Es,It).rar",http://tinyurl.com/w8xqm7f
Prism Land Story (Europe).rar,http://tinyurl.com/vm5b7u4
Racing Special (Europe).rar,http://tinyurl.com/qpw2bjr
Registration Demo 01 (Europe).rar,http://tinyurl.com/t2dv2s5
"Retro Force (Europe) (En,Fr,De,Es,Hu).rar",http://tinyurl.com/vs5d4vu
Riot (Europe).rar,http://tinyurl.com/sx8tamd
"Ronin Blade (Europe) (En,Fr,De).rar",http://tinyurl.com/s747ut5
Scooter Racing (Europe).rar,http://tinyurl.com/romva5n
Shaolin (Europe).rar,http://tinyurl.com/yx8f9y39
Station Demo Disc 2 (Europe).rar,http://tinyurl.com/sywzf88
Stock Car Racer (Europe).rar,http://tinyurl.com/tr9z5g6
"Team Buddies (Europe) (En,Fr,De).rar",http://tinyurl.com/sv4zac7
This Is Football 2 (Europe).rar,http://tinyurl.com/wwtdosg
"Tilt! (Europe) (En,Fr,De).rar",http://tinyurl.com/wet8xn4
Tommi Makinen Rally (Europe).rar,http://tinyurl.com/vuobwmo
