007 - The World Is Not Enough (USA).zip,"http://tinyurl.com/wb8jvqf
"
007 - Tomorrow Never Dies (USA).zip,"http://tinyurl.com/wu42d3q
"
007 Racing (USA).zip,"http://tinyurl.com/tmqkdez
"
16 Tales 2 (USA).zip,"http://tinyurl.com/sacy7f5
"
1Xtreme (USA).zip,"http://tinyurl.com/suv322e
"
"2002 FIFA World Cup (USA) (En,Es).zip","http://tinyurl.com/sx2gqlh
"
2Xtreme (USA).zip,"http://tinyurl.com/tk7o9wl
"
3D Baseball (USA).zip,"http://tinyurl.com/wkmrmf4
"
3D Lemmings (USA).zip,"http://tinyurl.com/wrz69lt
"
3Xtreme (USA).zip,"http://tinyurl.com/ubzj2p5
"
40 Winks (USA).zip,"http://tinyurl.com/uzdumvu
"
ASCII Entertainment Demo CD (USA).zip,"http://tinyurl.com/ror5un6
"
ATV - Quad Power Racing (USA).zip,"http://tinyurl.com/v7nzut4
"
ATV Mania (USA).zip,"http://tinyurl.com/r5vngcs
"
ATV Racers (USA).zip,"http://tinyurl.com/uq4jxal
"
Ace Combat 2 (USA).zip,"http://tinyurl.com/r8hjjrp
"
Ace Combat 3 - Electrosphere (USA).zip,"http://tinyurl.com/w4nsg52
"
Aces of the Air (USA).zip,"http://tinyurl.com/t5wbgwh
"
Action Bass (USA).zip,"http://tinyurl.com/s4mjevo
"
Action Man - Operation Extreme (USA).zip,"http://tinyurl.com/tg8suq5
"
Activision Classics (USA).zip,"http://tinyurl.com/stw8ldb
"
Adidas Power Soccer (USA).zip,"http://tinyurl.com/ququavl
"
Adidas Power Soccer 98 (USA).zip,"http://tinyurl.com/urexzz3
"
"Adventures of Lomax, The (USA).zip","http://tinyurl.com/w9efrwd
"
Agile Warrior - F-111X (USA).zip,"http://tinyurl.com/vw4ve5p
"
Air Combat (USA).zip,"http://tinyurl.com/t4mtvp2
"
Air Hockey (USA).zip,"http://tinyurl.com/vce69nf
"
Akuji the Heartless (USA).zip,"http://tinyurl.com/reonuuq
"
Alien Resurrection (USA).zip,"http://tinyurl.com/wl7h8yo
"
Alien Trilogy (USA).zip,"http://tinyurl.com/sjflqzf
"
All Star Racing (USA).zip,"http://tinyurl.com/r2ok3r7
"
All Star Racing 2 (USA).zip,"http://tinyurl.com/u36ng9n
"
All-Star Slammin' D-Ball (USA).zip,"http://tinyurl.com/unppatw
"
Allied General (USA).zip,"http://tinyurl.com/takl98d
"
Alundra (USA) (v1.0).zip,"http://tinyurl.com/v9pwjn3
"
Alundra (USA) (v1.1).zip,"http://tinyurl.com/y7tfjz7s
"
Alundra 2 - A New Legend Begins (USA).zip,"http://tinyurl.com/yx3qzn7w
"
"Amazing Virtual Sea-Monkeys, The (USA) (En,Es).zip","http://tinyurl.com/vbgjxxy
"
American Pool (USA).zip,"http://tinyurl.com/vkuqnln
"
Andretti Racing (USA).zip,"http://tinyurl.com/wm7zpmg
"
Animaniacs - Ten Pin Alley (USA).zip,"http://tinyurl.com/rwtlgzv
"
Animorphs - Shattered Reality (USA).zip,"http://tinyurl.com/sbtpamh
"
Ape Escape (USA) (Demo).zip,"http://tinyurl.com/td6hcna
"
Ape Escape (USA).zip,"http://tinyurl.com/r75rfys
"
Apocalypse (USA).zip,"http://tinyurl.com/remdbcb
"
Aquanaut's Holiday (USA).zip,"http://tinyurl.com/r7ryo5j
"
Arc the Lad Collection - Arc the Lad (USA).zip,"http://tinyurl.com/wveo29u
"
Arc the Lad Collection - Arc the Lad II (USA).zip,"http://tinyurl.com/vljxwpe
"
Arcade Party Pak (USA).zip,"http://tinyurl.com/shmoqn2
"
Area 51 (USA) (v1.0).zip,"http://tinyurl.com/rjr5z95
"
Area 51 (USA) (v1.1).zip,"http://tinyurl.com/wcj8kwj
"
Armored Core (USA) (v1.0).zip,"http://tinyurl.com/wssrvsx
"
Armored Core (USA) (v1.1).zip,"http://tinyurl.com/vdscmdn
"
Armored Core - Master of Arena (USA) (Disc 1).zip,"http://tinyurl.com/ums5y6z
"
Armored Core - Master of Arena (USA) (Disc 2).zip,"http://tinyurl.com/tjrqzsr
"
Armored Core - Project Phantasma (USA).zip,"http://tinyurl.com/vpsggh9
"
Armorines - Project S.W.A.R.M. (USA).zip,"http://tinyurl.com/rdr3l7c
"
Army Men - Air Attack (USA).zip,"http://tinyurl.com/wyx9lvg
"
Army Men - Air Attack 2 (USA).zip,"http://tinyurl.com/uyrvbgq
"
Army Men - Green Rogue (USA).zip,"http://tinyurl.com/yx5o7hj5
"
Army Men - Sarge's Heroes (USA).zip,"http://tinyurl.com/sz3tlpz
"
Army Men - Sarge's Heroes 2 (USA).zip,"http://tinyurl.com/t9449wn
"
Army Men - World War (USA).zip,"http://tinyurl.com/qscqywh
"
Army Men - World War - Final Front (USA).zip,"http://tinyurl.com/qovk8cl
"
"Army Men - World War - Land, Sea, Air (USA).zip","http://tinyurl.com/rq8cade
"
Army Men - World War - Team Assault (USA).zip,"http://tinyurl.com/rvd4ha8
"
Army Men 3D (USA).zip,"http://tinyurl.com/s58g4hx
"
Arthur! Ready to Race (USA).zip,"http://tinyurl.com/rxhz8tb
"
Assault - Retribution (USA).zip,"http://tinyurl.com/yx8a3ly2
"
Assault Rigs (USA).zip,"http://tinyurl.com/ubjq6nr
"
Asteroids (USA).zip,"http://tinyurl.com/vctz8ok
"
Atari Anniversary Edition Redux (USA).zip,"http://tinyurl.com/s5j392c
"
Austin Powers Pinball (USA).zip,"http://tinyurl.com/w266glr
"
Auto Destruct (USA).zip,"http://tinyurl.com/qp97cvx
"
Azure Dreams (USA).zip,"http://tinyurl.com/yxxypp2o
"
Backstreet Billiards (USA).zip,"http://tinyurl.com/wyatqgs
"
Backyard Soccer (USA).zip,"http://tinyurl.com/uft8nfm
"
Baldies (USA).zip,"http://tinyurl.com/urtchj8
"
Ball Breakers (USA).zip,"http://tinyurl.com/tcsu84v
"
BallBlazer Champions (USA).zip,"http://tinyurl.com/s9eduoo
"
Ballerburg - Castle Chaos (USA).zip,"http://tinyurl.com/uyodkwm
"
Ballistic (USA).zip,"http://tinyurl.com/u8jp86e
"
Barbie - Explorer (USA).zip,"http://tinyurl.com/sb5xbym
"
Barbie - Gotta Have Games (USA).zip,"http://tinyurl.com/w9fmvv2
"
Barbie - Race & Ride (USA).zip,"http://tinyurl.com/qwzns78
"
Barbie - Super Sports (USA).zip,"http://tinyurl.com/qldto8l
"
Bases Loaded '96 - Double Header (USA).zip,"http://tinyurl.com/rj9fwmz
"
Bass Landing (USA).zip,"http://tinyurl.com/un5p5ou
"
Bass Rise (USA).zip,"http://tinyurl.com/szslldd
"
Batman & Robin (USA).zip,"http://tinyurl.com/rlx2cwg
"
Batman - Gotham City Racer (USA).zip,"http://tinyurl.com/t3xhmdq
"
Batman Beyond - Return of the Joker (USA).zip,"http://tinyurl.com/rsgl99w
"
Batman Forever - The Arcade Game (USA).zip,"http://tinyurl.com/qnpndma
"
Battle Arena Toshinden (USA).zip,"http://tinyurl.com/womu5k9
"
Battle Arena Toshinden 2 (USA).zip,"http://tinyurl.com/v7vsfty
"
"Battle Arena Toshinden 3 (USA) (En,Ja).zip","http://tinyurl.com/rjun8q9
"
Battle Hunter (USA).zip,"http://tinyurl.com/vhd36hn
"
Battle Stations (USA).zip,"http://tinyurl.com/vfmgq7p
"
BattleSport (USA).zip,"http://tinyurl.com/wr8q926
"
BattleTanx - Global Assault (USA).zip,"http://tinyurl.com/wsz7r9l
"
Beast Wars - Transformers (USA).zip,"http://tinyurl.com/uyvg2xu
"
Best Buy Demo CD (USA).zip,"http://tinyurl.com/vumlzso
"
Beyblade (USA).zip,"http://tinyurl.com/r36w2sc
"
Beyond the Beyond (USA).zip,"http://tinyurl.com/seq8zmq
"
Big Air (USA).zip,"http://tinyurl.com/wd3v6j6
"
Big Bass Fishing (USA).zip,"http://tinyurl.com/vs3pfdr
"
Big Bass World Championship (USA).zip,"http://tinyurl.com/t8ccabs
"
Big League Slugger Baseball (USA).zip,"http://tinyurl.com/tsve4w4
"
Big Ol' Bass 2 (USA).zip,"http://tinyurl.com/raukd73
"
Big Strike Bowling (USA).zip,"http://tinyurl.com/syusye8
"
Billiards (USA).zip,"http://tinyurl.com/up62ho6
"
Bio F.R.E.A.K.S. (USA).zip,"http://tinyurl.com/ta5k89t
"
Black Bass with Blue Marlin (USA).zip,"http://tinyurl.com/vg6a5vb
"
Black Dawn (USA).zip,"http://tinyurl.com/vs6exyu
"
Blade (USA).zip,"http://tinyurl.com/uuarolx
"
Blast Chamber (USA).zip,"http://tinyurl.com/wq2x8fr
"
Blast Lacrosse (USA).zip,"http://tinyurl.com/snes3rj
"
Blast Radius (USA).zip,"http://tinyurl.com/u2y4jmx
"
Blaster Master - Blasting Again (USA).zip,"http://tinyurl.com/skxma7n
"
Blasto (USA).zip,"http://tinyurl.com/sbeo9ox
"
Blazing Dragons (USA).zip,"http://tinyurl.com/uktkxwb
"
Blockids (USA).zip,"http://tinyurl.com/ssjkaod
"
Blood Omen - Legacy of Kain (USA).zip,"http://tinyurl.com/tv5quwl
"
Bloody Roar (USA).zip,"http://tinyurl.com/qnsbvad
"
Bloody Roar II (USA).zip,"http://tinyurl.com/txa7mzo
"
Blue's Clues - Blue's Big Musical (USA).zip,"http://tinyurl.com/vy65dac
"
Board Game - Top Shop (USA).zip,"http://tinyurl.com/sxo2xrt
"
Bob the Builder - Can We Fix It (USA).zip,"http://tinyurl.com/wfbawjn
"
Bogey - Dead 6 (USA).zip,"http://tinyurl.com/vob3bcz
"
Bomberman - Party Edition (USA).zip,"http://tinyurl.com/wbu55wr
"
Bomberman Fantasy Race (USA).zip,"http://tinyurl.com/s5xhhjo
"
Bomberman World (USA).zip,"http://tinyurl.com/wdkoj9p
"
"Bombing Islands, The (USA).zip","http://tinyurl.com/uw8gzw6
"
BoomBots (USA).zip,"http://tinyurl.com/wvdrtdt
"
Bottom of the 9th '97 (USA).zip,"http://tinyurl.com/trhznbh
"
Bottom of the 9th '99 (USA).zip,"http://tinyurl.com/vxw2w94
"
Bottom of the 9th (USA).zip,"http://tinyurl.com/wjdo2aa
"
Bowling (USA).zip,"http://tinyurl.com/tfhet7v
"
Boxing (USA).zip,"http://tinyurl.com/rfgqsl9
"
BrainDead 13 (USA) (Disc 1).zip,"http://tinyurl.com/tovmjtk
"
BrainDead 13 (USA) (Disc 2).zip,"http://tinyurl.com/wbn2ovj
"
Brave Fencer Musashi (USA).zip,"http://tinyurl.com/w344oet
"
Bravo Air Race (USA).zip,"http://tinyurl.com/s4qf3zg
"
Break Out (USA).zip,"http://tinyurl.com/wr4ccmy
"
Breath of Fire III (USA).zip,"http://tinyurl.com/sn7pmqb
"
Breath of Fire IV (USA).zip,"http://tinyurl.com/s2lns62
"
Brigandine - The Legend of Forsena (USA).zip,"http://tinyurl.com/v33r7lz
"
Broken Helix (USA).zip,"http://tinyurl.com/w2mwtcd
"
Broken Sword II - The Smoking Mirror (USA).zip,"http://tinyurl.com/vpdffzp
"
Brunswick Circuit Pro Bowling (USA).zip,"http://tinyurl.com/wfzddkv
"
Brunswick Circuit Pro Bowling 2 (USA).zip,"http://tinyurl.com/rjc4hal
"
Bubsy 3D - Furbitten Planet (USA).zip,"http://tinyurl.com/tsrx8zw
"
Bugriders - The Race of Kings (USA).zip,"http://tinyurl.com/swmxdfx
"
"Bugs Bunny - Lost in Time (USA) (En,Fr,Es).zip","http://tinyurl.com/tnm8ym5
"
Builder's Block (USA).zip,"http://tinyurl.com/rehwew6
"
Burning Road (USA).zip,"http://tinyurl.com/vqjca93
"
BursTrick - Wake Boarding!! (USA).zip,"http://tinyurl.com/w3sto2o
"
Bushido Blade (USA).zip,"http://tinyurl.com/trexwrd
"
Bushido Blade 2 (USA).zip,"http://tinyurl.com/w9xluwz
"
Bust A Groove (USA) (Demo).zip,"http://tinyurl.com/vvo4h5u
"
Bust A Groove (USA).zip,"http://tinyurl.com/rt3wchm
"
Bust A Groove 2 (USA).zip,"http://tinyurl.com/r8huhud
"
Bust-A-Move '99 (USA).zip,"http://tinyurl.com/wzetll7
"
Bust-A-Move 2 - Arcade Edition (USA).zip,"http://tinyurl.com/umno4qd
"
Bust-A-Move 4 (USA).zip,"http://tinyurl.com/qthqnqr
"
Buster Bros. Collection (USA).zip,"http://tinyurl.com/rkzycxw
"
C - The Contra Adventure (USA).zip,"http://tinyurl.com/yx7ohtze
"
C-12 - Final Resistance (USA).zip,"http://tinyurl.com/stwjjfw
"
CART World Series (USA).zip,"http://tinyurl.com/t5zhjwm
"
CTR - Crash Team Racing (USA).zip,"http://tinyurl.com/yx3t77t2
"
Caesars Palace (USA).zip,"http://tinyurl.com/rqw8458
"
Caesars Palace II (USA).zip,"http://tinyurl.com/r23npq4
"
Calamity 1 - The Natural World (USA).zip,"http://tinyurl.com/ve53l3y
"
Calamity 2 - People and Traditions (USA).zip,"http://tinyurl.com/uxs7ovm
"
Calamity 3 - Around the World (USA).zip,"http://tinyurl.com/swzfmut
"
Cali's Geo Tools (USA).zip,"http://tinyurl.com/uosfd5r
"
Capcom vs. SNK Pro (USA).zip,"http://tinyurl.com/stph5eo
"
Card Games (USA).zip,"http://tinyurl.com/womxwo8
"
Cardinal Syn (USA).zip,"http://tinyurl.com/w2ccory
"
Carnage Heart (USA) (Mission Briefing).zip,"http://tinyurl.com/r9k9m3k
"
Carnage Heart (USA).zip,"http://tinyurl.com/vbc53jt
"
Casper (USA).zip,"http://tinyurl.com/ql5v4bc
"
Casper - Friends Around the World (USA).zip,"http://tinyurl.com/rmfn6c5
"
Castlevania - Symphony of the Night (USA).zip,"http://tinyurl.com/y923oohc
"
Castlevania Chronicles (USA).zip,"http://tinyurl.com/rhauwfb
"
Castrol Honda Superbike Racing (USA).zip,"http://tinyurl.com/uhqybur
"
"Cat in the Hat, The (USA).zip","http://tinyurl.com/weqlex3
"
Centipede (USA).zip,"http://tinyurl.com/wlmxy6s
"
Championship Bass (USA).zip,"http://tinyurl.com/wvvhfxg
"
Championship Surfer (USA).zip,"http://tinyurl.com/urldulw
"
Chess (USA).zip,"http://tinyurl.com/rnp4ojk
"
"Chessmaster 3-D, The (USA).zip","http://tinyurl.com/vbq9vmc
"
Chessmaster II (USA).zip,"http://tinyurl.com/yx7hffh6
"
Chicken Run (USA).zip,"http://tinyurl.com/tbplv2n
"
Chocobo Racing (USA).zip,"http://tinyurl.com/skpe9sz
"
Chocobo's Dungeon 2 (USA).zip,"http://tinyurl.com/w3lrayg
"
Chronicles of the Sword (USA) (Disc 1).zip,"http://tinyurl.com/u4gfwjq
"
Chronicles of the Sword (USA) (Disc 2).zip,"http://tinyurl.com/up2hr72
"
Chrono Cross (USA) (Disc 1).zip,"http://tinyurl.com/ubh4m2o
"
Chrono Cross (USA) (Disc 2).zip,"http://tinyurl.com/vn3e4u5
"
Circuit Breakers (USA).zip,"http://tinyurl.com/v2hca9t
"
"City of Lost Children, The (USA) (En,Es,It).zip","http://tinyurl.com/w23hwxo
"
Civilization II (USA).zip,"http://tinyurl.com/vorxz73
"
Cleopatra's Fortune (USA).zip,"http://tinyurl.com/tylejz8
"
Clock Tower (USA).zip,"http://tinyurl.com/v6qrryo
"
Clock Tower II - The Struggle Within (USA).zip,"http://tinyurl.com/t7lggky
"
Code Breaker (USA) (Unl).zip,"http://tinyurl.com/rply75o
"
Code Breaker Version 3 (USA) (Unl).zip,"http://tinyurl.com/rupqe2z
"
Codename - Tenka (USA) (v1.0).zip,"http://tinyurl.com/rkg9x8u
"
Codename - Tenka (USA) (v1.1).zip,"http://tinyurl.com/wqw2acs
"
Colin McRae Rally (USA).zip,"http://tinyurl.com/thgt2b6
"
"Colin McRae Rally 2.0 (USA) (En,Fr,Es).zip","http://tinyurl.com/te2n8oa
"
College Slam (USA).zip,"http://tinyurl.com/vsmb6tf
"
Colony Wars (USA) (Disc 1).zip,"http://tinyurl.com/uh3yo2y
"
Colony Wars (USA) (Disc 2).zip,"http://tinyurl.com/unvdb8q
"
Colony Wars - Red Sun (USA).zip,"http://tinyurl.com/ucqj7a6
"
Colony Wars - Vengeance (USA).zip,"http://tinyurl.com/s3bngys
"
Command & Conquer (USA) (Disc 1) (GDI).zip,"http://tinyurl.com/skgjh28
"
Command & Conquer (USA) (Disc 2) (NOD).zip,"http://tinyurl.com/wh3moln
"
Contender (USA).zip,"http://tinyurl.com/tqv3pws
"
Contender 2 (USA).zip,"http://tinyurl.com/s8gfmvm
"
Contra - Legacy of War (USA).zip,"http://tinyurl.com/sgxyj95
"
Cool Boarders (USA).zip,"http://tinyurl.com/r4dp3eo
"
Cool Boarders 2 (USA).zip,"http://tinyurl.com/watzdzm
"
Cool Boarders 2001 (USA).zip,"http://tinyurl.com/qsrr2vy
"
Cool Boarders 3 (USA).zip,"http://tinyurl.com/r64bgom
"
Cool Boarders 4 (USA).zip,"http://tinyurl.com/tt9ufdh
"
Cosmic Cookoff - Language Arts (USA).zip,"http://tinyurl.com/tz53beu
"
Cosmic Cookoff - Mathematics (USA).zip,"http://tinyurl.com/wwatvau
"
Countdown Vampires (USA) (Disc 1).zip,"http://tinyurl.com/rh95kn9
"
Countdown Vampires (USA) (Disc 2).zip,"http://tinyurl.com/rknbea5
"
Covert Ops - Nuclear Dawn (USA) (Disc 1).zip,"http://tinyurl.com/s89d8ue
"
Covert Ops - Nuclear Dawn (USA) (Disc 2).zip,"http://tinyurl.com/wlk7meq
"
Crash Bandicoot (USA).zip,"http://tinyurl.com/sjsc7vh
"
Crash Bandicoot - Warped (USA).zip,"http://tinyurl.com/r34az79
"
Crash Bandicoot 2 - Cortex Strikes Back (USA).zip,"http://tinyurl.com/vbohjua
"
Crash Bash (USA).zip,"http://tinyurl.com/s3zpu33
"
Creative Camp (USA).zip,"http://tinyurl.com/rq98g9f
"
Creative Isle (USA).zip,"http://tinyurl.com/ueo8ylc
"
Creative Journey 1 (USA).zip,"http://tinyurl.com/tr567y3
"
Creative Voyage (USA).zip,"http://tinyurl.com/yxyfl6nb
"
Creatures (USA).zip,"http://tinyurl.com/s9y58z9
"
Creatures - Raised in Space (USA).zip,"http://tinyurl.com/w7brtem
"
Crime Killer (USA) (Demo).zip,"http://tinyurl.com/w3um2rq
"
Crime Killer (USA).zip,"http://tinyurl.com/shk39yw
"
Critical Depth (USA).zip,"http://tinyurl.com/tmby4ml
"
Criticom (USA).zip,"http://tinyurl.com/wf2g6qd
"
Croc - Legend of the Gobbos (USA).zip,"http://tinyurl.com/qoeqsm2
"
Croc 2 (USA) (Demo).zip,"http://tinyurl.com/vh6tvcg
"
Croc 2 (USA).zip,"http://tinyurl.com/raa99wd
"
Crossroad Crisis (USA).zip,"http://tinyurl.com/rdof3j9
"
"Crow, The - City of Angels (USA).zip","http://tinyurl.com/vr29h3l
"
Crusader - No Remorse (USA).zip,"http://tinyurl.com/sqk64l5
"
Crusaders of Might and Magic (USA).zip,"http://tinyurl.com/udpdkw9
"
Crypt Killer (USA).zip,"http://tinyurl.com/qwjky39
"
CyberSled (USA).zip,"http://tinyurl.com/sh5vdwg
"
CyberSpeed (USA) (v1.0).zip,"http://tinyurl.com/u9fv47e
"
CyberSpeed (USA) (v1.1).zip,"http://tinyurl.com/t6fjltn
"
CyberTiger (USA).zip,"http://tinyurl.com/trylggw
"
Cyberia (USA).zip,"http://tinyurl.com/wrgoswf
"
D (USA) (Disc 1).zip,"http://tinyurl.com/ws4w536
"
D (USA) (Disc 2).zip,"http://tinyurl.com/to8mwxr
"
D (USA) (Disc 3).zip,"http://tinyurl.com/wonqbga
"
"DBZ - Dead Ball Zone (USA) (En,Fr,De,Es,It).zip","http://tinyurl.com/tc8j4u8
"
Dance Dance Revolution (USA).zip,"http://tinyurl.com/v4zzs56
"
Dance Dance Revolution - Disney Mix (USA).zip,"http://tinyurl.com/wf9zkrl
"
Dance Dance Revolution Konamix (USA).zip,"http://tinyurl.com/s385pho
"
Danger Girl (USA).zip,"http://tinyurl.com/wweelsy
"
Dare Devil Derby 3D (USA).zip,"http://tinyurl.com/t68h7sf
"
"Darklight Conflict (USA) (En,Fr,De,Es,It,Sv).zip","http://tinyurl.com/ul8wh9p
"
Darkstalkers - The Night Warriors (USA).zip,"http://tinyurl.com/r735udp
"
Darkstalkers 3 (USA).zip,"http://tinyurl.com/wesdpp5
"
Darkstone (USA).zip,"http://tinyurl.com/uj488ub
"
Dave Mirra Freestyle BMX (USA).zip,"http://tinyurl.com/rwcs3sc
"
Dave Mirra Freestyle BMX - Maximum Remix (USA).zip,"http://tinyurl.com/tcmnwwo
"
David Beckham Soccer (USA).zip,"http://tinyurl.com/tmw8dqc
"
Dead in the Water (USA).zip,"http://tinyurl.com/wfnnfu4
"
Dead or Alive (USA).zip,"http://tinyurl.com/qp3y4pq
"
Deception III - Dark Delusion (USA).zip,"http://tinyurl.com/vvzreto
"
Defcon 5 - Peace Has a Price (USA).zip,"http://tinyurl.com/qu7qbmk
"
"Delta Force Urban Warfare (USA) (En,Fr,Es).zip","http://tinyurl.com/ubdjvzk
"
Demolition Racer (USA).zip,"http://tinyurl.com/t39rylk
"
Descent (USA).zip,"http://tinyurl.com/yxykgmzx
"
Descent Maximum (USA).zip,"http://tinyurl.com/v2f5c3a
"
Destrega (USA).zip,"http://tinyurl.com/wfpy87m
"
Destruction Derby (USA).zip,"http://tinyurl.com/yx3b32rv
"
Destruction Derby 2 (USA).zip,"http://tinyurl.com/qvwnha3
"
Destruction Derby Raw (USA).zip,"http://tinyurl.com/uca7ey4
"
Detective Barbie - The Mystery Cruise (USA).zip,"http://tinyurl.com/rznflpd
"
Devil Dice (USA).zip,"http://tinyurl.com/rgwt8ff
"
Dexter's Laboratory - Mandark's Lab (USA).zip,"http://tinyurl.com/tqeownq
"
"Diablo (USA) (En,Fr,De,Sv).zip","http://tinyurl.com/t2ehbgl
"
Die Hard Trilogy (USA) (v1.0).zip,"http://tinyurl.com/qm4avzv
"
Die Hard Trilogy (USA) (v1.1).zip,"http://tinyurl.com/vsk48mt
"
Die Hard Trilogy 2 - Viva Las Vegas (USA).zip,"http://tinyurl.com/wjkbtuy
"
Digimon Digital Card Battle (USA).zip,"http://tinyurl.com/ql9y8dw
"
Digimon Rumble Arena (USA).zip,"http://tinyurl.com/u5txlts
"
Digimon World (USA).zip,"http://tinyurl.com/rj4kgrt
"
Digimon World 2 (USA).zip,"http://tinyurl.com/s6nmbf5
"
Digimon World 3 (USA).zip,"http://tinyurl.com/wup6xsl
"
Dino Crisis (USA) (Demo).zip,"http://tinyurl.com/rks6u4r
"
Dino Crisis (USA) (v1.0).zip,"http://tinyurl.com/t2sm6j4
"
Dino Crisis (USA) (v1.1).zip,"http://tinyurl.com/rlge68z
"
Dino Crisis 2 (USA).zip,"http://tinyurl.com/tklpgn8
"
Dirt Jockey - Heavy Equipment Operator (USA).zip,"http://tinyurl.com/wfw3m8u
"
Discworld II - Mortality Bytes! (USA).zip,"http://tinyurl.com/u3324dn
"
Disney's Aladdin in Nasira's Revenge (USA).zip,"http://tinyurl.com/sl2jrwd
"
Disney's Atlantis - The Lost Empire (USA).zip,"http://tinyurl.com/rt72gk9
"
Disney's Dinosaur (USA).zip,"http://tinyurl.com/w88fbu6
"
Disney's Donald Duck - Goin' Quackers (USA).zip,"http://tinyurl.com/u934yfg
"
Disney's Goofy's Fun House (USA).zip,"http://tinyurl.com/w33n5xc
"
Disney's Hercules Action Game (USA) (v1.0).zip,"http://tinyurl.com/vfhlad3
"
Disney's Hercules Action Game (USA) (v1.1).zip,"http://tinyurl.com/wdd7zrx
"
Disney's Lilo & Stitch (USA).zip,"http://tinyurl.com/s2l98oz
"
Disney's Story Studio - Mulan (USA).zip,"http://tinyurl.com/quubd3t
"
Disney's Tarzan (USA) (v1.0).zip,"http://tinyurl.com/udqod9r
"
Disney's Tarzan (USA) (v1.1).zip,"http://tinyurl.com/tq7mzmz
"
Disney's The Emperor's New Groove (USA).zip,"http://tinyurl.com/wqmpv5y
"
Disney's The Little Mermaid II (USA).zip,"http://tinyurl.com/vrvtwj5
"
Disney's Treasure Planet (USA).zip,"http://tinyurl.com/varxvzp
"
Disney's Winnie the Pooh - Kindergarten (USA).zip,"http://tinyurl.com/rvbqown
"
Disney's Winnie the Pooh - Preschool (USA).zip,"http://tinyurl.com/rxg7gzq
"
Disney-Pixar A Bug's Life (USA) (v1.0).zip,"http://tinyurl.com/up95lqq
"
Disney-Pixar A Bug's Life (USA) (v1.1).zip,"http://tinyurl.com/r7m68au
"
Disney-Pixar Toy Story Racer (USA).zip,"http://tinyurl.com/t6rhzpk
"
Disruptor (USA).zip,"http://tinyurl.com/ror29ba
"
"Divide, The - Enemies Within (USA).zip","http://tinyurl.com/rtvrg84
"
Doom (USA).zip,"http://tinyurl.com/w9x7bzy
"
Dora the Explorer - Barnyard Buddies (USA).zip,"http://tinyurl.com/ugn7la3
"
Dracula - The Last Sanctuary (USA) (Disc 1).zip,"http://tinyurl.com/tympbsq
"
Dracula - The Last Sanctuary (USA) (Disc 2).zip,"http://tinyurl.com/sgmjkne
"
Dracula - The Resurrection (USA) (Disc 1).zip,"http://tinyurl.com/torn9uw
"
Dracula - The Resurrection (USA) (Disc 2).zip,"http://tinyurl.com/txrflnr
"
Dragon Ball GT - Final Bout (USA).zip,"http://tinyurl.com/wuezta9
"
Dragon Ball Z - Ultimate Battle 22 (USA).zip,"http://tinyurl.com/r6qtz5v
"
Dragon Seeds (USA).zip,"http://tinyurl.com/yx7o3a3u
"
Dragon Tales - Dragonseek (USA).zip,"http://tinyurl.com/u548m9x
"
Dragon Valor (USA) (Disc 1).zip,"http://tinyurl.com/t78mds3
"
Dragon Valor (USA) (Disc 2).zip,"http://tinyurl.com/te4yyys
"
Dragon Warrior VII (USA) (Disc 1).zip,"http://tinyurl.com/tj8q7vm
"
Dragon Warrior VII (USA) (Disc 2).zip,"http://tinyurl.com/uus2nq3
"
DragonHeart - Fire & Steel (USA).zip,"http://tinyurl.com/r2396bk
"
Driver - You Are the Wheelman (USA) (Demo).zip,"http://tinyurl.com/s3dy8cd
"
Driver - You Are the Wheelman (USA) (v1.0).zip,"http://tinyurl.com/v3s4krt
"
Driver - You Are the Wheelman (USA) (v1.1).zip,"http://tinyurl.com/uezgcum
"
Driver 2 (USA) (Disc 1) (v1.0).zip,"http://tinyurl.com/wkj6aj4
"
Driver 2 (USA) (Disc 1) (v1.1).zip,"http://tinyurl.com/re3dxf6
"
Driver 2 (USA) (Disc 2) (v1.0).zip,"http://tinyurl.com/uzktfl9
"
Driver 2 (USA) (Disc 2) (v1.1).zip,"http://tinyurl.com/r4f2sp9
"
Ducati World - Racing Challenge (USA).zip,"http://tinyurl.com/vll7uwx
"
Duke Nukem - Land of the Babes (USA).zip,"http://tinyurl.com/u36jrur
"
Duke Nukem - Time to Kill (USA) (Demo).zip,"http://tinyurl.com/tvu4b5w
"
Duke Nukem - Time to Kill (USA).zip,"http://tinyurl.com/ujg65q8
"
Duke Nukem - Total Meltdown (USA).zip,"http://tinyurl.com/u96lowk
"
"Dukes of Hazzard, The - Racing for Home (USA).zip","http://tinyurl.com/wullabh
"
Dune 2000 (USA).zip,"http://tinyurl.com/rx5kcxe
"
Dynasty Warriors (USA).zip,"http://tinyurl.com/tvfwg3g
"
EA Sports Superbike 2000 (USA).zip,"http://tinyurl.com/uwpoz49
"
EA Sports Supercross (USA).zip,"http://tinyurl.com/wvv2szw
"
EA Sports Supercross 2000 (USA).zip,"http://tinyurl.com/vm2cqyg
"
ECW Anarchy Rulz (USA).zip,"http://tinyurl.com/vygave7
"
ECW Hardcore Revolution (USA).zip,"http://tinyurl.com/wjuwyfd
"
ESPN Extreme Games (USA).zip,"http://tinyurl.com/yx7hxt2m
"
ESPN MLS Gamenight (USA).zip,"http://tinyurl.com/shaqtr5
"
"Eagle One - Harrier Attack (USA) (En,Fr,Es).zip","http://tinyurl.com/r5ohdwo
"
Easter Bunny's Big Day (USA).zip,"http://tinyurl.com/vhpu99l
"
Echo Night (USA).zip,"http://tinyurl.com/v96w8pv
"
Ehrgeiz - God Bless the Ring (USA).zip,"http://tinyurl.com/u4gyd59
"
Eidos Demo CD (USA).zip,"http://tinyurl.com/wx76ux3
"
Eidos Demo CD Volume 4 (USA).zip,"http://tinyurl.com/up7dayo
"
Einhaender (USA).zip,"http://tinyurl.com/yxym9ya2
"
Elemental Gearbolt (USA).zip,"http://tinyurl.com/rop9uj8
"
Eliminator (USA).zip,"http://tinyurl.com/rg6bu2z
"
Epidemic (USA).zip,"http://tinyurl.com/yx3csekx
"
Equestrian Showcase (USA).zip,"http://tinyurl.com/rqftat6
"
Eternal Eyes (USA).zip,"http://tinyurl.com/wevgtrp
"
Evil Dead - Hail to the King (USA) (Disc 1).zip,"http://tinyurl.com/wzcmnel
"
Evil Dead - Hail to the King (USA) (Disc 2).zip,"http://tinyurl.com/tegdhc9
"
Evil Zone (USA).zip,"http://tinyurl.com/v8gwku5
"
Excalibur 2555 A.D. (USA).zip,"http://tinyurl.com/u3qyp9g
"
Expendable (USA).zip,"http://tinyurl.com/t2g9n8n
"
Extreme Go-Kart Racing (USA).zip,"http://tinyurl.com/retubs3
"
Extreme Pinball (USA).zip,"http://tinyurl.com/u52gagv
"
F1 2000 (USA).zip,"http://tinyurl.com/rzb35ew
"
F1 Championship Season 2000 (USA).zip,"http://tinyurl.com/yx5hjmwe
"
"F1 Racing Championship (USA) (En,Fr).zip","http://tinyurl.com/r9p54v9
"
F1 World Grand Prix (USA).zip,"http://tinyurl.com/t224s67
"
FIFA 2001 (USA).zip,"http://tinyurl.com/uqgrs96
"
FIFA 99 (USA).zip,"http://tinyurl.com/rmkzm6r
"
"FIFA Soccer 2002 (USA) (En,Es).zip","http://tinyurl.com/valnt9j
"
FIFA Soccer 2003 (USA).zip,"http://tinyurl.com/qnydxfw
"
"FIFA Soccer 2004 (USA) (En,Es).zip","http://tinyurl.com/tk2ajbj
"
"FIFA Soccer 2005 (USA) (En,Es).zip","http://tinyurl.com/r769ygc
"
FIFA Soccer 96 (USA).zip,"http://tinyurl.com/s8gy3h5
"
FIFA Soccer 97 (USA).zip,"http://tinyurl.com/rlz6zxk
"
FOX Sports Golf '99 (USA).zip,"http://tinyurl.com/vnaywgt
"
"FOX Sports Soccer '99 (USA) (En,Es).zip","http://tinyurl.com/rb8m46w
"
"Fade to Black (USA) (En,Fr,De,Es,It).zip","http://tinyurl.com/qsrcggh
"
Faire Games - Language Arts (USA).zip,"http://tinyurl.com/yx3jusl8
"
Faire Games - Mathematics (USA).zip,"http://tinyurl.com/vvtxxxj
"
Family Card Games Fun Pack (USA).zip,"http://tinyurl.com/vko5tyw
"
Family Connection - A Guide to Lightspan (USA).zip,"http://tinyurl.com/t7s4b6p
"
Family Feud (USA).zip,"http://tinyurl.com/umsjkl2
"
Family Game Pack (USA).zip,"http://tinyurl.com/vta3tzm
"
Fantastic Four (USA).zip,"http://tinyurl.com/r6w6kf4
"
Fatal Fury - Wild Ambition (USA).zip,"http://tinyurl.com/rrz8f2d
"
Fear Effect (USA) (Disc 1).zip,"http://tinyurl.com/v6jaqzw
"
Fear Effect (USA) (Disc 2).zip,"http://tinyurl.com/vno6rjc
"
Fear Effect (USA) (Disc 3).zip,"http://tinyurl.com/txzksuh
"
Fear Effect (USA) (Disc 4).zip,"http://tinyurl.com/udsgpyt
"
Felony 11-79 (USA).zip,"http://tinyurl.com/wjt6mnb
"
"Fifth Element, The (USA).zip","http://tinyurl.com/qlhty79
"
Fighter Maker (USA).zip,"http://tinyurl.com/r93usrz
"
Fighting Force (USA) (v1.0).zip,"http://tinyurl.com/qvrdfxu
"
Fighting Force (USA) (v1.1).zip,"http://tinyurl.com/rvdj3op
"
Fighting Force (USA) (v1.2).zip,"http://tinyurl.com/syroubl
"
Fighting Force 2 (USA).zip,"http://tinyurl.com/tuthzor
"
Final Doom (USA).zip,"http://tinyurl.com/stjpgoy
"
Final Fantasy IX (USA) (Disc 1) (v1.0).zip,"http://tinyurl.com/tdolhoe
"
Final Fantasy IX (USA) (Disc 1) (v1.1).zip,"http://tinyurl.com/wmpmunk
"
Final Fantasy IX (USA) (Disc 2) (v1.0).zip,"http://tinyurl.com/sxeplk2
"
Final Fantasy IX (USA) (Disc 2) (v1.1).zip,"http://tinyurl.com/t4adr2p
"
Final Fantasy IX (USA) (Disc 3) (v1.0).zip,"http://tinyurl.com/totflny
"
Final Fantasy IX (USA) (Disc 3) (v1.1).zip,"http://tinyurl.com/rpo4b8b
"
Final Fantasy IX (USA) (Disc 4) (v1.0).zip,"http://tinyurl.com/urtr4xp
"
Final Fantasy IX (USA) (Disc 4) (v1.1).zip,"http://tinyurl.com/w9u9df2
"
Final Fantasy Origins (USA) (v1.0).zip,"http://tinyurl.com/vcyn5y5
"
Final Fantasy Origins (USA) (v1.1).zip,"http://tinyurl.com/tvamdra
"
Final Fantasy Tactics (USA).zip,"http://tinyurl.com/wz22zt9
"
Final Fantasy VII (USA) (Disc 1).zip,"http://tinyurl.com/yx5l4dgz
"
Final Fantasy VII (USA) (Disc 2).zip,"http://tinyurl.com/szxqhmv
"
Final Fantasy VII (USA) (Disc 3).zip,"http://tinyurl.com/r6ehysh
"
Final Fantasy VII Interactive Sampler CD (USA).zip,"http://tinyurl.com/wcuabwf
"
Final Fantasy VIII (USA) (Disc 1).zip,"http://tinyurl.com/u6yao6y
"
Final Fantasy VIII (USA) (Disc 2).zip,"http://tinyurl.com/vofvr77
"
Final Fantasy VIII (USA) (Disc 3).zip,"http://tinyurl.com/uxtzh97
"
Final Fantasy VIII (USA) (Disc 4).zip,"http://tinyurl.com/szt37ru
"
"Final Round, The (USA).zip","http://tinyurl.com/vcfsx3l
"
Fisherman's Bait - A Bass Challenge (USA).zip,"http://tinyurl.com/vjwdte4
"
Fisherman's Bait 2 - Big Ol' Bass (USA).zip,"http://tinyurl.com/to88cja
"
"Flintstones, The - Bedrock Bowling (USA).zip","http://tinyurl.com/qulgkaj
"
Ford Racing (USA).zip,"http://tinyurl.com/savcgev
"
Ford Truck Mania (USA).zip,"http://tinyurl.com/s43xt86
"
Formula 1 (USA) (v1.0).zip,"http://tinyurl.com/qwc3xkh
"
Formula 1 (USA) (v1.1).zip,"http://tinyurl.com/vkrnjj3
"
"Formula 1 98 (USA) (En,Fr,De,Es,It,Fi).zip","http://tinyurl.com/sum4ku8
"
Formula One 2000 (USA).zip,"http://tinyurl.com/wpzlf6p
"
"Formula One 99 (USA) (En,Fr,Es).zip","http://tinyurl.com/rv2vw6d
"
Forsaken (USA).zip,"http://tinyurl.com/vfmvcm9
"
Fox Hunt (USA) (Disc 1).zip,"http://tinyurl.com/uawxhyk
"
Fox Hunt (USA) (Disc 2).zip,"http://tinyurl.com/upw59mj
"
Fox Hunt (USA) (Disc 3).zip,"http://tinyurl.com/uwrgttb
"
FoxKids.com - Micro Maniacs Racing (USA).zip,"http://tinyurl.com/r4vx2jr
"
Frank Thomas Big Hurt Baseball (USA).zip,"http://tinyurl.com/s67p4kk
"
Freestyle Boardin' '99 (USA).zip,"http://tinyurl.com/vbrknwu
"
Frogger (USA).zip,"http://tinyurl.com/rdgv33h
"
Frogger 2 - Swampy's Revenge (USA).zip,"http://tinyurl.com/wfn8tfk
"
Front Mission 3 (USA).zip,"http://tinyurl.com/tphmuqp
"
Future Cop - L.A.P.D. (USA) (Demo).zip,"http://tinyurl.com/qvuv5zy
"
Future Cop - L.A.P.D. (USA).zip,"http://tinyurl.com/vhrmlyn
"
G-Police (USA) (Disc 1).zip,"http://tinyurl.com/wazgmzq
"
G-Police (USA) (Disc 2).zip,"http://tinyurl.com/rs2vxmx
"
G-Police - Weapons of Justice (USA).zip,"http://tinyurl.com/rxo63g2
"
G. Darius (USA).zip,"http://tinyurl.com/wkumlxh
"
Galaga - Destination Earth (USA).zip,"http://tinyurl.com/vtuewqc
"
Galerians (USA) (Disc 1).zip,"http://tinyurl.com/wfpue3n
"
Galerians (USA) (Disc 2).zip,"http://tinyurl.com/sv5vxkr
"
Galerians (USA) (Disc 3).zip,"http://tinyurl.com/w5gdxa2
"
Gallop Racer (USA).zip,"http://tinyurl.com/uqyqram
"
"Game of Life, The (USA).zip","http://tinyurl.com/vrbztbf
"
GameShark CDX Version 3.3 (USA) (Unl).zip,"http://tinyurl.com/ufp9dhy
"
GameShark CDX Version 3.4 (USA) (Unl).zip,"http://tinyurl.com/urpd7kk
"
GameShark Lite (USA) (Unl).zip,"http://tinyurl.com/ra5dr4o
"
GameShark Version 4.0 (USA) (Unl).zip,"http://tinyurl.com/tg63oq6
"
Gauntlet Legends (USA).zip,"http://tinyurl.com/ws7639p
"
Gekido - Urban Fighters (USA).zip,"http://tinyurl.com/t76xt7x
"
Gekioh - Shooting King (USA).zip,"http://tinyurl.com/wb2a29c
"
Geom Cube (USA).zip,"http://tinyurl.com/shtcl9q
"
Gex (USA).zip,"http://tinyurl.com/qweoz8k
"
Gex - Enter the Gecko (USA).zip,"http://tinyurl.com/wyl2bkn
"
Gex 3 - Deep Cover Gecko (USA).zip,"http://tinyurl.com/rj5gmnu
"
Ghost in the Shell (USA).zip,"http://tinyurl.com/wbujpeb
"
Glover (USA).zip,"http://tinyurl.com/u46aefv
"
Goal Storm '97 (USA).zip,"http://tinyurl.com/tgk8jsm
"
Goal Storm (USA).zip,"http://tinyurl.com/wxzn7eg
"
Gold and Glory - The Road to El Dorado (USA).zip,"http://tinyurl.com/s28xjz3
"
Golden Nugget (USA) (Disc 1).zip,"http://tinyurl.com/wve9fsd
"
Golden Nugget (USA) (Disc 2).zip,"http://tinyurl.com/wfwws4v
"
Gran Turismo (USA) (Demo).zip,"http://tinyurl.com/wssdcdg
"
Gran Turismo (USA) (v1.0).zip,"http://tinyurl.com/qohxqsl
"
Gran Turismo (USA) (v1.1).zip,"http://tinyurl.com/txvtz3w
"
Gran Turismo 2 (USA) (Arcade Mode) (v1.0).zip,"http://tinyurl.com/tjrbwea
"
Gran Turismo 2 (USA) (Arcade Mode) (v1.1).zip,"http://tinyurl.com/tqmnjl2
"
Gran Turismo 2 (USA) (Simulation Mode) (v1.0).zip,"http://tinyurl.com/vwndh9h
"
Gran Turismo 2 (USA) (Simulation Mode) (v1.1).zip,"http://tinyurl.com/uc4y5su
"
Gran Turismo 2 (USA) (Simulation Mode) (v1.2).zip,"http://tinyurl.com/yx29k4hp
"
Grand Slam (USA).zip,"http://tinyurl.com/yx5npv4l
"
Grand Theft Auto (USA).zip,"http://tinyurl.com/r9vbd3g
"
Grand Theft Auto 2 (USA).zip,"http://tinyurl.com/tmrcuvn
"
Grandia (USA) (Disc 1).zip,"http://tinyurl.com/wys4plv
"
Grandia (USA) (Disc 2).zip,"http://tinyurl.com/qov5lv4
"
"Granstream Saga, The (USA).zip","http://tinyurl.com/skmb5pv
"
Grid Runner (USA).zip,"http://tinyurl.com/r3v9gyn
"
"Grinch, The (USA) (En,Fr,Es).zip","http://tinyurl.com/vq96p58
"
Grind Session (USA).zip,"http://tinyurl.com/re7qtsb
"
Grudge Warriors (USA).zip,"http://tinyurl.com/wxf5guc
"
Guardian's Crusade (USA).zip,"http://tinyurl.com/uy9r6fm
"
Gubble (USA).zip,"http://tinyurl.com/sandthm
"
Guilty Gear (USA) (v1.0).zip,"http://tinyurl.com/se4jn4z
"
Gundam Battle Assault (USA).zip,"http://tinyurl.com/wcf9bxv
"
Gundam Battle Assault 2 (USA).zip,"http://tinyurl.com/tzx7sk8
"
Gunfighter - The Legend of Jesse James (USA).zip,"http://tinyurl.com/rzrtz5z
"
Gunship (USA).zip,"http://tinyurl.com/vut9dff
"
HBO Boxing (USA).zip,"http://tinyurl.com/sp9dr35
"
HardBall '99 (USA).zip,"http://tinyurl.com/w6f7dw5
"
HardBall 5 (USA).zip,"http://tinyurl.com/yx7owfwv
"
Harvest Moon - Back to Nature (USA).zip,"http://tinyurl.com/w7olw6k
"
Heart of Darkness (USA) (Disc 1).zip,"http://tinyurl.com/w4ag5jo
"
Heart of Darkness (USA) (Disc 2).zip,"http://tinyurl.com/shwubqu
"
Hellboy - Asylum Seeker (USA).zip,"http://tinyurl.com/sxsyaqh
"
Hello Kitty - Cube Frenzy (USA).zip,"http://tinyurl.com/vlxtroa
"
Herc's Adventures (USA).zip,"http://tinyurl.com/rmn76ru
"
Hexen (USA).zip,"http://tinyurl.com/u9ekbtt
"
High Heat Baseball 2000 (USA).zip,"http://tinyurl.com/v9xqxko
"
High Heat Major League Baseball 2002 (USA).zip,"http://tinyurl.com/qqz7bnv
"
"Hive, The (USA) (Disc 1).zip","http://tinyurl.com/uostwkb
"
"Hive, The (USA) (Disc 2).zip","http://tinyurl.com/u4v2e3q
"
Hogs of War (USA).zip,"http://tinyurl.com/rz6m9yr
"
Hooters Road Trip (USA).zip,"http://tinyurl.com/vlm43sy
"
Hoshigami - Ruining Blue Earth (USA).zip,"http://tinyurl.com/w985vfa
"
Hot Shots Golf (USA).zip,"http://tinyurl.com/rdyu25x
"
Hot Shots Golf 2 (USA).zip,"http://tinyurl.com/snptrrf
"
Hot Wheels - Extreme Racing (USA).zip,"http://tinyurl.com/vdvfqga
"
Hot Wheels - Turbo Racing (USA).zip,"http://tinyurl.com/wwd3thg
"
"Hugo - The Evil Mirror (USA) (En,Es).zip","http://tinyurl.com/uxljubv
"
Hydro Thunder (USA).zip,"http://tinyurl.com/swbrsb5
"
I.Q - Intelligent Qube (USA).zip,"http://tinyurl.com/vwqv7ql
"
IHRA Drag Racing (USA).zip,"http://tinyurl.com/t42f75g
"
ISS Pro Evolution (USA).zip,"http://tinyurl.com/qo6dma9
"
Ian Livingstone's Deathtrap Dungeon (USA).zip,"http://tinyurl.com/rbpfguz
"
Impact Racing (USA).zip,"http://tinyurl.com/udv59mw
"
In Cold Blood (USA) (Disc 1).zip,"http://tinyurl.com/qwpbmqw
"
In Cold Blood (USA) (Disc 2).zip,"http://tinyurl.com/r2b7q8t
"
In the Hunt (USA).zip,"http://tinyurl.com/yx38ez6s
"
Incredible Crisis (USA).zip,"http://tinyurl.com/v4337p5
"
"Incredible Hulk, The - The Pantheon Saga (USA).zip","http://tinyurl.com/wahkgmp
"
Independence Day (USA).zip,"http://tinyurl.com/vjhcsfk
"
Intellivision Classic Games (USA).zip,"http://tinyurl.com/wkwewpj
"
Interactive CD Sampler Disc 6 (USA).zip,"http://tinyurl.com/sj7jz9a
"
Interactive CD Sampler Disc Vol. 10 (USA).zip,"http://tinyurl.com/tbvdjqd
"
Interactive CD Sampler Disc Vol. 9 (USA).zip,"http://tinyurl.com/vb3ou83
"
Interactive CD Sampler Disc Volume 4 (USA).zip,"http://tinyurl.com/t47p9em
"
Interactive CD Sampler Disc Volume 7 (USA).zip,"http://tinyurl.com/w84yfhy
"
Interactive CD Sampler Disc Volume 8 (USA).zip,"http://tinyurl.com/qv72bq7
"
Interactive CD Sampler Pack Volume 2 (USA).zip,"http://tinyurl.com/wgmwgxo
"
Interactive CD Sampler Pack Volume 3 (USA).zip,"http://tinyurl.com/tqhdhbt
"
International Track & Field (USA).zip,"http://tinyurl.com/uam9zc9
"
International Track & Field 2000 (USA).zip,"http://tinyurl.com/ry73aak
"
Interplay Sports Baseball 2000 (USA).zip,"http://tinyurl.com/stv8r5e
"
Inuyasha - A Feudal Fairy Tale (USA) (v1.0).zip,"http://tinyurl.com/rp7avhp
"
Inuyasha - A Feudal Fairy Tale (USA) (v1.1).zip,"http://tinyurl.com/w2z4dho
"
Invasion from Beyond (USA).zip,"http://tinyurl.com/qpl59qu
"
Iron Man & X-O Manowar in Heavy Metal (USA).zip,"http://tinyurl.com/unvruna
"
Iron Soldier 3 (USA).zip,"http://tinyurl.com/snv6u3l
"
Irritating Stick (USA).zip,"http://tinyurl.com/ve3pspg
"
"Italian Job, The (USA).zip","http://tinyurl.com/rq2klmo
"
Jackie Chan Stuntmaster (USA).zip,"http://tinyurl.com/v8wxlsm
"
Jade Cocoon - Story of the Tamamayu (USA).zip,"http://tinyurl.com/rkusepu
"
Jampack Vol. 1 (USA).zip,"http://tinyurl.com/wdmvhgb
"
Jampack Vol. 2 (USA).zip,"http://tinyurl.com/vqp3vwq
"
Jarrett & Labonte Stock Car Racing (USA).zip,"http://tinyurl.com/tkoeybb
"
Jeopardy! (USA).zip,"http://tinyurl.com/wgyp6ux
"
Jeopardy! 2nd Edition (USA).zip,"http://tinyurl.com/yx3kryh9
"
Jeremy McGrath Supercross 2000 (USA).zip,"http://tinyurl.com/s7ez56w
"
Jeremy McGrath Supercross 98 (USA).zip,"http://tinyurl.com/yx2phbca
"
Jersey Devil (USA).zip,"http://tinyurl.com/u95pj3j
"
Jet Moto (USA).zip,"http://tinyurl.com/ueahqxd
"
Jet Moto 2 (USA).zip,"http://tinyurl.com/rae8jvy
"
Jet Moto 2 - Championship Edition (USA).zip,"http://tinyurl.com/syeg856
"
Jet Moto 3 (USA).zip,"http://tinyurl.com/t4xmsde
"
Jigsaw Madness (USA).zip,"http://tinyurl.com/s2nuqcl
"
Jim Henson's Bear in the Big Blue House (USA).zip,"http://tinyurl.com/w4fq7su
"
Jimmy Johnson's VR Football '98 (USA).zip,"http://tinyurl.com/syxbd2n
"
Jimmy White's 2 - Cueball (USA).zip,"http://tinyurl.com/udy37pv
"
JoJo's Bizarre Adventure (USA).zip,"http://tinyurl.com/svxkvbl
"
Johnny Bazookatone (USA).zip,"http://tinyurl.com/vvfoar4
"
Judge Dredd (USA).zip,"http://tinyurl.com/r4xyrqp
"
Juggernaut (USA) (Disc 1).zip,"http://tinyurl.com/u4f5798
"
Juggernaut (USA) (Disc 2).zip,"http://tinyurl.com/wrvbagf
"
Juggernaut (USA) (Disc 3).zip,"http://tinyurl.com/sq6ftx6
"
JumpStart Wildlife Safari - Field Trip (USA).zip,"http://tinyurl.com/qltcblm
"
Jumping Flash! (USA).zip,"http://tinyurl.com/rn64dmf
"
Jumping Flash! 2 (USA).zip,"http://tinyurl.com/sxflrg3
"
Jupiter Strike (USA).zip,"http://tinyurl.com/s7bxems
"
K-1 Grand Prix (USA).zip,"http://tinyurl.com/u5l2ywj
"
K-1 Revenge (USA).zip,"http://tinyurl.com/vabwuk8
"
K-1 The Arena Fighters (USA).zip,"http://tinyurl.com/tcu8xfg
"
K9.5 1 - Live in Airedale (USA).zip,"http://tinyurl.com/uhl5t35
"
K9.5 2 - We Are the Dogs! (USA).zip,"http://tinyurl.com/vwll5hf
"
K9.5 3 - Webtunes (USA).zip,"http://tinyurl.com/thksc9r
"
K9.5 4 - The Tail-Wag Tour (USA).zip,"http://tinyurl.com/ufgekno
"
K9.5 5 - The Howlywood Premiere (USA).zip,"http://tinyurl.com/rgoulz6
"
KISS Pinball (USA).zip,"http://tinyurl.com/w9hxo8k
"
Kagero - Deception II (USA) (Demo).zip,"http://tinyurl.com/vblefrn
"
Kagero - Deception II (USA).zip,"http://tinyurl.com/tw6s9sa
"
Kartia - The Word of Fate (USA).zip,"http://tinyurl.com/tpbgmlz
"
Kazmania 1 - Trail of Gems (USA).zip,"http://tinyurl.com/wc2trnh
"
Kazmania 2 - Chaos in Kazmania (USA).zip,"http://tinyurl.com/wh7mykb
"
Kensei - Sacred Fist (USA).zip,"http://tinyurl.com/vfutwjz
"
Kickboxing (USA).zip,"http://tinyurl.com/syp3cnz
"
Kileak - The DNA Imperative (USA).zip,"http://tinyurl.com/tazebyr
"
Killer Loop (USA).zip,"http://tinyurl.com/sqdzaye
"
Killing Zone (USA).zip,"http://tinyurl.com/ur9gxq2
"
"King of Fighters '95, The (USA).zip","http://tinyurl.com/sedefus
"
"King of Fighters '99, The (USA).zip","http://tinyurl.com/tywgaz4
"
King's Field (USA).zip,"http://tinyurl.com/rmhu4zo
"
King's Field II (USA).zip,"http://tinyurl.com/wzo6xty
"
Kingsley's Adventure (USA).zip,"http://tinyurl.com/unxxhy7
"
Klonoa - Door to Phantomile (USA).zip,"http://tinyurl.com/v2x4b4q
"
Knockout Kings (USA).zip,"http://tinyurl.com/uonjub5
"
Knockout Kings 2000 (USA).zip,"http://tinyurl.com/qo86y2b
"
Knockout Kings 2001 (USA).zip,"http://tinyurl.com/txnypam
"
Konami Arcade Classics (USA).zip,"http://tinyurl.com/yx45gk3t
"
Koudelka (USA) (Disc 1).zip,"http://tinyurl.com/t2dl5kk
"
Koudelka (USA) (Disc 2).zip,"http://tinyurl.com/wmjgmzd
"
Koudelka (USA) (Disc 3).zip,"http://tinyurl.com/w5eklzx
"
Koudelka (USA) (Disc 4).zip,"http://tinyurl.com/yx6ocnzq
"
Krazy Ivan (USA).zip,"http://tinyurl.com/ulnzvqp
"
Kurt Warner's Arena Football Unleashed (USA).zip,"http://tinyurl.com/t39jous
"
LEGO Island 2 - The Brickster's Revenge (USA).zip,"http://tinyurl.com/v2ev2cz
"
LEGO Rock Raiders (USA).zip,"http://tinyurl.com/rts2gx8
"
Largo Winch - Commando SAR (USA).zip,"http://tinyurl.com/tm52686
"
Legacy of Kain - Soul Reaver (USA).zip,"http://tinyurl.com/weth8bv
"
"Legend of Dragoon, The (USA) (Disc 1).zip","http://tinyurl.com/u2xfngo
"
"Legend of Dragoon, The (USA) (Disc 2).zip","http://tinyurl.com/vuol7bz
"
"Legend of Dragoon, The (USA) (Disc 3).zip","http://tinyurl.com/w2tde8c
"
"Legend of Dragoon, The (USA) (Disc 4).zip","http://tinyurl.com/sszvej4
"
Legend of Legaia (USA) (Demo).zip,"http://tinyurl.com/uweu3s5
"
Legend of Legaia (USA).zip,"http://tinyurl.com/v2t2ufy
"
Legend of Mana (USA).zip,"http://tinyurl.com/wttmxwu
"
Lemmings & Oh No! More Lemmings (USA).zip,"http://tinyurl.com/qwdl2lr
"
Lethal Enforcers I & II (USA).zip,"http://tinyurl.com/vkt8lkd
"
Liquid Books Adventure 5 - Pop-Out Prose (USA).zip,"http://tinyurl.com/w8fag7m
"
"Loaded (USA) (En,Fr).zip","http://tinyurl.com/u99w5pw
"
Lode Runner (USA).zip,"http://tinyurl.com/w3az9as
"
"Looney Tunes Racing (USA) (En,Fr,Es).zip","http://tinyurl.com/wdk2n4g
"
"Lost World, The - Jurassic Park (USA).zip","http://tinyurl.com/uf2vlqh
"
Lucky Luke (USA).zip,"http://tinyurl.com/yx58hkfc
"
Lunar 2 - Eternal Blue Complete (USA) (Demo).zip,"http://tinyurl.com/shl6olp
"
Lunar 2 - Eternal Blue Complete (USA) (Disc 1).zip,"http://tinyurl.com/yxx3pdzz
"
Lunar 2 - Eternal Blue Complete (USA) (Disc 2).zip,"http://tinyurl.com/yx6w4xpa
"
Lunar 2 - Eternal Blue Complete (USA) (Disc 3).zip,"http://tinyurl.com/r8kqc98
"
M&M's - Shell Shocked (USA).zip,"http://tinyurl.com/u92tooo
"
MDK (USA).zip,"http://tinyurl.com/qtkmz5m
"
MLB 2000 (USA).zip,"http://tinyurl.com/uoh6cf6
"
MLB 2001 (USA) (Demo).zip,"http://tinyurl.com/thlh8f3
"
MLB 2001 (USA).zip,"http://tinyurl.com/s2lywxq
"
MLB 2002 (USA).zip,"http://tinyurl.com/u8lotm8
"
MLB 2003 (USA).zip,"http://tinyurl.com/tjc3lpy
"
MLB 2004 (USA).zip,"http://tinyurl.com/r6g23tr
"
MLB 2005 (USA).zip,"http://tinyurl.com/ucv7de3
"
MLB 98 (USA).zip,"http://tinyurl.com/w8mcu8u
"
MLB 99 (USA).zip,"http://tinyurl.com/rq6r8c4
"
MLB Pennant Race (USA).zip,"http://tinyurl.com/uschy4z
"
MTV Celebrity Deathmatch (USA).zip,"http://tinyurl.com/s56v2fn
"
MTV Music Generator (USA).zip,"http://tinyurl.com/rxgx6sy
"
MTV Sports - Pure Ride (USA).zip,"http://tinyurl.com/we4p8o3
"
MTV Sports - Snowboarding (USA).zip,"http://tinyurl.com/usn45mu
"
MTV Sports - T.J. Lavin's Ultimate BMX (USA).zip,"http://tinyurl.com/wanjf47
"
Machine Head (USA).zip,"http://tinyurl.com/vs99rdp
"
Machine Hunter (USA).zip,"http://tinyurl.com/yxxx7nye
"
Madden NFL 2000 (USA).zip,"http://tinyurl.com/tvmrkdw
"
Madden NFL 2001 (USA).zip,"http://tinyurl.com/sud2zd6
"
Madden NFL 2002 (USA).zip,"http://tinyurl.com/rwhg9w9
"
Madden NFL 2003 (USA).zip,"http://tinyurl.com/s6cru6y
"
Madden NFL 2004 (USA).zip,"http://tinyurl.com/tqz2dh5
"
Madden NFL 2005 (USA).zip,"http://tinyurl.com/uodllv2
"
Madden NFL 97 (USA).zip,"http://tinyurl.com/thhwhuw
"
Madden NFL 98 (USA) (Alt).zip,"http://tinyurl.com/sqhotnr
"
Madden NFL 98 (USA).zip,"http://tinyurl.com/v84crsw
"
Madden NFL 99 (USA).zip,"http://tinyurl.com/sehl2k8
"
Magic - The Gathering - BattleMage (USA).zip,"http://tinyurl.com/ttz3cyz
"
"Magic Carpet (USA) (En,Fr,De,Es,Sv).zip","http://tinyurl.com/w8zs6oq
"
Marble Master (USA).zip,"http://tinyurl.com/qvlt3xw
"
March Madness '98 (USA).zip,"http://tinyurl.com/yx6eef5n
"
Mars Moose Cosmic Quest 1 - City Sights (USA).zip,"http://tinyurl.com/tqw78jl
"
Martian Gothic - Unification (USA).zip,"http://tinyurl.com/sym7zbn
"
Marvel Super Heroes (USA).zip,"http://tinyurl.com/webrmpb
"
Marvel Super Heroes vs. Street Fighter (USA).zip,"http://tinyurl.com/s2aerfe
"
Mary-Kate and Ashley - Crush Course (USA).zip,"http://tinyurl.com/wvgnnpo
"
Mary-Kate and Ashley - Winners Circle (USA).zip,"http://tinyurl.com/wg2e329
"
Mass Destruction (USA).zip,"http://tinyurl.com/tpts4de
"
Master of Monsters - Disciples of Gaia (USA).zip,"http://tinyurl.com/vbbg7ek
"
Mat Hoffman's Pro BMX (USA).zip,"http://tinyurl.com/rtacudl
"
Math Gallery - Collection 1 (USA).zip,"http://tinyurl.com/qveqlwo
"
Math Gallery - Collection 2 (USA).zip,"http://tinyurl.com/usyttj6
"
Maximum Force (USA).zip,"http://tinyurl.com/s4tauub
"
Medal of Honor (USA).zip,"http://tinyurl.com/rrjqh3n
"
Medal of Honor - Underground (USA).zip,"http://tinyurl.com/uc6fdq8
"
MediEvil (USA) (Demo).zip,"http://tinyurl.com/sdy43bz
"
MediEvil (USA).zip,"http://tinyurl.com/sjtfnza
"
MediEvil II (USA).zip,"http://tinyurl.com/w2psno8
"
Mega Man 8 (USA).zip,"http://tinyurl.com/wjuoool
"
Mega Man Legends (USA).zip,"http://tinyurl.com/wtbwfda
"
Mega Man Legends 2 (USA) (Demo).zip,"http://tinyurl.com/t8ar8az
"
Mega Man Legends 2 (USA).zip,"http://tinyurl.com/tstt2ur
"
Mega Man X4 (USA).zip,"http://tinyurl.com/tdfjf7c
"
Mega Man X5 (USA).zip,"http://tinyurl.com/stane6w
"
Mega Man X6 (USA) (v1.0).zip,"http://tinyurl.com/s8oljjn
"
Mega Man X6 (USA) (v1.1).zip,"http://tinyurl.com/u4l45nn
"
Men in Black - The Series - Crashdown (USA).zip,"http://tinyurl.com/v9c2ybc
"
Metal Gear Solid (USA) (Disc 1) (v1.0).zip,"http://tinyurl.com/t5yvgws
"
Metal Gear Solid (USA) (Disc 1) (v1.1).zip,"http://tinyurl.com/u2uhpdp
"
Metal Gear Solid (USA) (Disc 2) (v1.0).zip,"http://tinyurl.com/wq33o2k
"
Metal Gear Solid (USA) (Disc 2) (v1.1).zip,"http://tinyurl.com/wy7jcng
"
Metal Gear Solid - VR Missions (USA) (Demo).zip,"http://tinyurl.com/r5yagd6
"
Metal Gear Solid - VR Missions (USA).zip,"http://tinyurl.com/wbh3qh4
"
Metal Slug X (USA).zip,"http://tinyurl.com/qtfcftg
"
Micro Machines V3 (USA).zip,"http://tinyurl.com/uv77ucp
"
"Mike Tyson Boxing (USA) (En,Fr,Es).zip","http://tinyurl.com/s8ylvnu
"
Miracle Space Race (USA).zip,"http://tinyurl.com/u529xq6
"
"Misadventures of Tron Bonne, The (USA).zip","http://tinyurl.com/wvmxqyu
"
Miss Spider's Tea Party (USA).zip,"http://tinyurl.com/yx5hcd8m
"
Missile Command (USA).zip,"http://tinyurl.com/tcbew93
"
"Mission - Impossible (USA) (En,Fr,Es).zip","http://tinyurl.com/tmkwd2o
"
Mobil 1 Rally Championship (USA).zip,"http://tinyurl.com/wfcef6g
"
Mobile Armor (USA).zip,"http://tinyurl.com/yx2vg9qp
"
Mobile Light Force (USA).zip,"http://tinyurl.com/v3q4wc2
"
Mona & Moki 1 - Drive Me Wild! (USA).zip,"http://tinyurl.com/qtthavw
"
Mona & Moki 2 - Drive Me Wilder! (USA).zip,"http://tinyurl.com/rxan4zs
"
Monaco Grand Prix (USA).zip,"http://tinyurl.com/rxvudmj
"
Monkey Hero (USA).zip,"http://tinyurl.com/scz6thx
"
Monkey Magic (USA).zip,"http://tinyurl.com/wasthdd
"
Monopoly (USA).zip,"http://tinyurl.com/ventm9e
"
Monster Bass (USA).zip,"http://tinyurl.com/v4ec8fq
"
Monster Rancher (USA).zip,"http://tinyurl.com/uczru3m
"
Monster Rancher 2 (USA).zip,"http://tinyurl.com/vaee5hj
"
Monster Rancher Battle Card - Episode II (USA).zip,"http://tinyurl.com/t64al62
"
Monster Rancher Hop-A-Bout (USA).zip,"http://tinyurl.com/yx4fx92f
"
MonsterSeed (USA).zip,"http://tinyurl.com/rrzy5bl
"
Mort the Chicken (USA).zip,"http://tinyurl.com/v6j3gs7
"
Mortal Kombat - Special Forces (USA).zip,"http://tinyurl.com/wpxojtd
"
Mortal Kombat 3 (USA).zip,"http://tinyurl.com/r33lm2x
"
Mortal Kombat 4 (USA).zip,"http://tinyurl.com/yx4xsdww
"
Mortal Kombat Mythologies - Sub-Zero (USA).zip,"http://tinyurl.com/slz9p36
"
Mortal Kombat Trilogy (USA) (v1.0).zip,"http://tinyurl.com/wfjgt7o
"
Mortal Kombat Trilogy (USA) (v1.1).zip,"http://tinyurl.com/w8o59xw
"
Moto Racer (USA).zip,"http://tinyurl.com/sx3v7av
"
Moto Racer 2 (USA).zip,"http://tinyurl.com/sprp8sy
"
Moto Racer World Tour (USA).zip,"http://tinyurl.com/rl3rd7c
"
Motocross Mania (USA).zip,"http://tinyurl.com/upx3j9o
"
Motocross Mania 2 (USA).zip,"http://tinyurl.com/sfsrwjp
"
Motor Toon Grand Prix (USA).zip,"http://tinyurl.com/r49zgpb
"
Motorhead (USA).zip,"http://tinyurl.com/s5jazq4
"
Mr. Driller (USA).zip,"http://tinyurl.com/shjectn
"
Ms. Pac-Man Maze Madness (USA) (Demo).zip,"http://tinyurl.com/r6x4u29
"
Ms. Pac-Man Maze Madness (USA) (v1.0).zip,"http://tinyurl.com/vzyhpc6
"
Ms. Pac-Man Maze Madness (USA) (v1.1).zip,"http://tinyurl.com/tzxtoph
"
"Mummy, The (USA).zip","http://tinyurl.com/wzgx48x
"
Muppet Monster Adventure (USA).zip,"http://tinyurl.com/yx62yvs9
"
Muppet RaceMania (USA).zip,"http://tinyurl.com/vpp62nu
"
My Disney Kitchen (USA).zip,"http://tinyurl.com/t2jk422
"
Myst (USA).zip,"http://tinyurl.com/thjotny
"
N-Gen Racing (USA).zip,"http://tinyurl.com/yx26oa5u
"
N2O - Nitrous Oxide (USA).zip,"http://tinyurl.com/v9tojuw
"
NASCAR 2000 (USA).zip,"http://tinyurl.com/vltseyz
"
NASCAR 2001 (USA).zip,"http://tinyurl.com/szxj7w6
"
NASCAR 98 (USA).zip,"http://tinyurl.com/r6e9p4p
"
NASCAR 98 Collector's Edition (USA).zip,"http://tinyurl.com/wcu328n
"
NASCAR 99 (USA).zip,"http://tinyurl.com/sh59hr7
"
NASCAR 99 Legacy (USA).zip,"http://tinyurl.com/vofohgf
"
NASCAR Heat (USA).zip,"http://tinyurl.com/un5wffm
"
NASCAR Racing (USA).zip,"http://tinyurl.com/vtkgod9
"
NASCAR Rumble (USA).zip,"http://tinyurl.com/vcfknct
"
NASCAR Thunder 2002 (USA).zip,"http://tinyurl.com/t3xow4z
"
NASCAR Thunder 2003 (USA).zip,"http://tinyurl.com/wl8vlo5
"
NASCAR Thunder 2004 (USA).zip,"http://tinyurl.com/whrps49
"
NBA Basketball 2000 (USA).zip,"http://tinyurl.com/v2razmw
"
NBA Fastbreak '98 (USA).zip,"http://tinyurl.com/t5czlz7
"
NBA Hangtime (USA).zip,"http://tinyurl.com/wmwz2y3
"
NBA Hoopz (USA).zip,"http://tinyurl.com/sxlkpuz
"
NBA Jam - Tournament Edition (USA).zip,"http://tinyurl.com/t4h8vd8
"
NBA Jam Extreme (USA).zip,"http://tinyurl.com/rj2ksc2
"
NBA Live 2000 (USA).zip,"http://tinyurl.com/wbrnv2g
"
NBA Live 2001 (USA).zip,"http://tinyurl.com/u7hkdnw
"
NBA Live 2002 (USA).zip,"http://tinyurl.com/r72hy8g
"
NBA Live 2003 (USA).zip,"http://tinyurl.com/t2qmz3a
"
NBA Live 96 (USA).zip,"http://tinyurl.com/rm2lqtf
"
NBA Live 97 (USA).zip,"http://tinyurl.com/tl8x4b5
"
NBA Live 98 (USA).zip,"http://tinyurl.com/ux83veo
"
NBA Live 99 (USA).zip,"http://tinyurl.com/vyhtxfh
"
NBA Shoot Out '97 (USA).zip,"http://tinyurl.com/r6lc66x
"
NBA Shoot Out (USA).zip,"http://tinyurl.com/qll6fxl
"
NBA ShootOut 2000 (USA).zip,"http://tinyurl.com/r9789ku
"
NBA ShootOut 2001 (USA).zip,"http://tinyurl.com/tm39rg4
"
NBA ShootOut 2002 (USA).zip,"http://tinyurl.com/uy3dljn
"
NBA ShootOut 2003 (USA).zip,"http://tinyurl.com/waz9csy
"
NBA ShootOut 2004 (USA).zip,"http://tinyurl.com/t37rd5q
"
NBA ShootOut 98 (USA).zip,"http://tinyurl.com/stf4ak4
"
NBA Showtime - NBA on NBC (USA).zip,"http://tinyurl.com/wv6wp3d
"
NBA in the Zone '98 (USA) (v1.0).zip,"http://tinyurl.com/rg58efp
"
NBA in the Zone '98 (USA) (v1.1).zip,"http://tinyurl.com/s3oa93y
"
NBA in the Zone '99 (USA).zip,"http://tinyurl.com/yx6pupk3
"
NBA in the Zone (USA).zip,"http://tinyurl.com/w82yry7
"
NBA in the Zone 2 (USA).zip,"http://tinyurl.com/u8tngjh
"
NBA in the Zone 2000 (USA).zip,"http://tinyurl.com/sp5lqs9
"
NCAA Basketball Final Four 97 (USA).zip,"http://tinyurl.com/rkenv7k
"
NCAA Final Four 2000 (USA).zip,"http://tinyurl.com/vzpdj4x
"
NCAA Final Four 2001 (USA).zip,"http://tinyurl.com/tajwd34
"
NCAA Final Four 99 (USA).zip,"http://tinyurl.com/qunus7u
"
NCAA Football 2000 (USA) (v1.0).zip,"http://tinyurl.com/twtklxb
"
NCAA Football 2000 (USA) (v1.1).zip,"http://tinyurl.com/qpj5lb3
"
NCAA Football 2001 (USA).zip,"http://tinyurl.com/spf945o
"
NCAA Football 98 (USA).zip,"http://tinyurl.com/wt28gnw
"
NCAA Football 99 (USA).zip,"http://tinyurl.com/srad27n
"
NCAA Football GameBreaker (USA).zip,"http://tinyurl.com/qnx9ht6
"
NCAA GameBreaker 2000 (USA).zip,"http://tinyurl.com/swf594h
"
NCAA GameBreaker 2001 (USA).zip,"http://tinyurl.com/vwu8lkx
"
NCAA GameBreaker 98 (USA).zip,"http://tinyurl.com/v642ftn
"
NCAA GameBreaker 99 (USA).zip,"http://tinyurl.com/qnlgqwu
"
NCAA March Madness 2000 (USA).zip,"http://tinyurl.com/vgdjtnb
"
NCAA March Madness 2001 (USA).zip,"http://tinyurl.com/qsq9xto
"
NCAA March Madness 99 (USA).zip,"http://tinyurl.com/r62qenc
"
NFL Blitz (USA).zip,"http://tinyurl.com/vkn2df6
"
NFL Blitz 2000 (USA).zip,"http://tinyurl.com/wlwrffw
"
NFL Blitz 2001 (USA).zip,"http://tinyurl.com/sr3al6f
"
NFL Full Contact (USA).zip,"http://tinyurl.com/v8mvjbk
"
NFL GameDay (USA).zip,"http://tinyurl.com/sycgjmc
"
NFL GameDay 2000 (USA).zip,"http://tinyurl.com/wlzmkdg
"
NFL GameDay 2001 (USA).zip,"http://tinyurl.com/wvs7y74
"
NFL GameDay 2002 (USA).zip,"http://tinyurl.com/ruh5vxx
"
NFL GameDay 2003 (USA).zip,"http://tinyurl.com/t93fdre
"
NFL GameDay 2004 (USA).zip,"http://tinyurl.com/vzzb52p
"
NFL GameDay 2005 (USA).zip,"http://tinyurl.com/wt9aup7
"
NFL GameDay 97 (USA).zip,"http://tinyurl.com/t885nmf
"
NFL GameDay 98 (USA).zip,"http://tinyurl.com/rchx6rl
"
NFL GameDay 99 (USA) (v1.0).zip,"http://tinyurl.com/uemmwk2
"
NFL GameDay 99 (USA) (v1.1).zip,"http://tinyurl.com/rl2v7bb
"
NFL Quarterback Club 97 (USA).zip,"http://tinyurl.com/s8wk6gw
"
NFL Xtreme (USA) (Demo).zip,"http://tinyurl.com/wrtbmxl
"
NFL Xtreme (USA).zip,"http://tinyurl.com/rhwcz9r
"
NFL Xtreme 2 (USA).zip,"http://tinyurl.com/vga2667
"
NHL 2000 (USA).zip,"http://tinyurl.com/r9dehq4
"
NHL 2001 (USA).zip,"http://tinyurl.com/qw3u3wg
"
NHL 97 (USA).zip,"http://tinyurl.com/t49abfw
"
NHL 98 (USA).zip,"http://tinyurl.com/tosc638
"
NHL 99 (USA).zip,"http://tinyurl.com/v3ellum
"
NHL Blades of Steel 2000 (USA).zip,"http://tinyurl.com/vyo28ko
"
NHL Breakaway 98 (USA).zip,"http://tinyurl.com/vcxjmec
"
NHL Championship 2000 (USA).zip,"http://tinyurl.com/s9dpyjf
"
NHL Face Off '97 (USA).zip,"http://tinyurl.com/uzskprq
"
NHL Face Off (USA).zip,"http://tinyurl.com/v9sseyv
"
NHL FaceOff 2000 (USA).zip,"http://tinyurl.com/wgacmwz
"
NHL FaceOff 2001 (USA).zip,"http://tinyurl.com/ukj764o
"
NHL FaceOff 98 (USA).zip,"http://tinyurl.com/sxrry2p
"
NHL FaceOff 99 (USA).zip,"http://tinyurl.com/tw4slcg
"
NHL Open Ice - 2 on 2 Challenge (USA).zip,"http://tinyurl.com/yx3y4res
"
NHL Powerplay '96 (USA).zip,"http://tinyurl.com/ty99cvj
"
"NHL Powerplay 98 (USA) (En,Fr,De).zip","http://tinyurl.com/rv8uuks
"
NHL Rock the Rink (USA).zip,"http://tinyurl.com/uzxb2mr
"
Nagano Winter Olympics '98 (USA).zip,"http://tinyurl.com/tv2gh69
"
Namco Demo CD (USA).zip,"http://tinyurl.com/vd2vqkj
"
Namco Museum Vol. 1 (USA) (v1.0).zip,"http://tinyurl.com/u8cxuwu
"
Namco Museum Vol. 1 (USA) (v1.1).zip,"http://tinyurl.com/rnb767t
"
Namco Museum Vol. 2 (USA).zip,"http://tinyurl.com/s6kqh3a
"
Namco Museum Vol. 3 (USA).zip,"http://tinyurl.com/s4u73qc
"
Namco Museum Vol. 4 (USA).zip,"http://tinyurl.com/t2pqc79
"
Namco Museum Vol. 5 (USA).zip,"http://tinyurl.com/su6ta7w
"
NanoTek Warrior (USA).zip,"http://tinyurl.com/rbp876q
"
Nectaris - Military Madness (USA).zip,"http://tinyurl.com/ukq9k5w
"
Need for Speed - High Stakes (USA).zip,"http://tinyurl.com/uo7fdps
"
Need for Speed - Porsche Unleashed (USA).zip,"http://tinyurl.com/sv26xcv
"
Need for Speed - V-Rally (USA).zip,"http://tinyurl.com/tf72ydb
"
Need for Speed - V-Rally 2 (USA).zip,"http://tinyurl.com/s5bbvss
"
Need for Speed II (USA).zip,"http://tinyurl.com/tgulen9
"
Need for Speed III - Hot Pursuit (USA).zip,"http://tinyurl.com/v5vpdkh
"
Newman Haas Racing (USA).zip,"http://tinyurl.com/usm7wqt
"
"Next Tetris, The (USA).zip","http://tinyurl.com/trcfuq3
"
Nickelodeon Rugrats - Search for Reptar (USA).zip,"http://tinyurl.com/vs8dlho
"
Nickelodeon Rugrats - Studio Tour (USA).zip,"http://tinyurl.com/tfcc3mh
"
Nickelodeon Rugrats - Totally Angelica (USA).zip,"http://tinyurl.com/wsmtxdz
"
Nickelodeon Rugrats in Paris - The Movie (USA).zip,"http://tinyurl.com/teh2dhz
"
Nicktoons Racing (USA).zip,"http://tinyurl.com/vt3nbmn
"
Nightmare Creatures (USA).zip,"http://tinyurl.com/wk3uwts
"
Nightmare Creatures II (USA).zip,"http://tinyurl.com/yx7mwrh4
"
Ninja - Shadow of Darkness (USA).zip,"http://tinyurl.com/uzqse2o
"
No Fear Downhill Mountain Bike Racing (USA).zip,"http://tinyurl.com/vud4tu5
"
No One Can Stop Mr. Domino (USA).zip,"http://tinyurl.com/u6qojw5
"
Novastorm (USA) (Disc 1).zip,"http://tinyurl.com/vw3oa73
"
Novastorm (USA) (Disc 2).zip,"http://tinyurl.com/tzcd26u
"
Nuclear Strike (USA).zip,"http://tinyurl.com/u9ckne2
"
O.D.T. (USA).zip,"http://tinyurl.com/wurk8pw
"
Oddworld - Abe's Exoddus (USA) (Disc 1).zip,"http://tinyurl.com/w6rckzr
"
Oddworld - Abe's Exoddus (USA) (Disc 2).zip,"http://tinyurl.com/uboecro
"
Oddworld - Abe's Oddysee (USA) (v1.0).zip,"http://tinyurl.com/r4dwd5g
"
Oddworld - Abe's Oddysee (USA) (v1.1).zip,"http://tinyurl.com/wgyhu68
"
Off-World Interceptor Extreme (USA).zip,"http://tinyurl.com/w9669wg
"
Ogre Battle - Limited Edition (USA).zip,"http://tinyurl.com/v4f8ebr
"
Olympic Soccer (USA).zip,"http://tinyurl.com/rme54as
"
Olympic Summer Games (USA).zip,"http://tinyurl.com/teo4rzq
"
Omega Boost (USA).zip,"http://tinyurl.com/waygx4f
"
One (USA).zip,"http://tinyurl.com/yx7u28zc
"
One Piece Mansion (USA).zip,"http://tinyurl.com/qrzjreb
"
OverBlood (USA).zip,"http://tinyurl.com/r4s487w
"
P.K.'s Math Studio 1 (USA).zip,"http://tinyurl.com/rgs82bz
"
P.K.'s Place 1 - Party on the Patio! (USA).zip,"http://tinyurl.com/yx4yojtx
"
P.K.'s Place 2 - Hoopo at Sea (USA).zip,"http://tinyurl.com/rfwvc6j
"
P.K.'s Place 3 - Carlos at the Races! (USA).zip,"http://tinyurl.com/qownnwe
"
PGA Tour 96 (USA).zip,"http://tinyurl.com/sknt7r8
"
PGA Tour 97 (USA).zip,"http://tinyurl.com/u7t3o5c
"
PGA Tour 98 (USA).zip,"http://tinyurl.com/w7yfyk2
"
PO'ed (USA).zip,"http://tinyurl.com/rxt8tyg
"
PS-X-Change Version 2.0 (USA) (Unl).zip,"http://tinyurl.com/toyrrnb
"
"PSone - Wherever, Whenever, Forever. (USA).zip","http://tinyurl.com/v2l4ahp
"
"PaRappa the Rapper (USA) (En,Fr,De,Es,It).zip","http://tinyurl.com/t56cddx
"
Pac-Man World (USA).zip,"http://tinyurl.com/wjc6x9x
"
Pandemonium 2 (USA).zip,"http://tinyurl.com/wcgrd28
"
Pandemonium! (USA).zip,"http://tinyurl.com/tzypulz
"
Panzer Front (USA).zip,"http://tinyurl.com/s3yal78
"
Panzer General (USA).zip,"http://tinyurl.com/vabpktg
"
Parasite Eve (USA) (Disc 1).zip,"http://tinyurl.com/txtttl5
"
Parasite Eve (USA) (Disc 2).zip,"http://tinyurl.com/w9uv9kb
"
Parasite Eve II (USA) (Disc 1).zip,"http://tinyurl.com/rxxw5th
"
Parasite Eve II (USA) (Disc 2).zip,"http://tinyurl.com/vk756kl
"
Patriotic Pinball (USA).zip,"http://tinyurl.com/uwl3cxc
"
Peak Performance (USA).zip,"http://tinyurl.com/txfpyzm
"
Perfect Weapon (USA).zip,"http://tinyurl.com/wu2s954
"
Persona (USA).zip,"http://tinyurl.com/ssawrls
"
Persona 2 - Eternal Punishment (USA).zip,"http://tinyurl.com/uo25bgm
"
Peter Jacobsen's Golden Tee Golf (USA).zip,"http://tinyurl.com/tbkj5h9
"
Philosoma (USA).zip,"http://tinyurl.com/u9g5dv6
"
Phix - The Adventure (USA).zip,"http://tinyurl.com/v92b2my
"
Pink Panther - Pinkadelic Pursuit (USA).zip,"http://tinyurl.com/u4bd7yc
"
Pinobee (USA).zip,"http://tinyurl.com/t3yl5xj
"
Pipe Dreams 3D (USA).zip,"http://tinyurl.com/v69cz5t
"
Pitball (USA).zip,"http://tinyurl.com/v9nzbpp
"
Pitfall 3D - Beyond the Jungle (USA) (Demo).zip,"http://tinyurl.com/vlnm5tb
"
Pitfall 3D - Beyond the Jungle (USA).zip,"http://tinyurl.com/qphd9jy
"
Pizza Hut Demo CD (USA).zip,"http://tinyurl.com/rd3f46a
"
Pizza Hut Disc 1 (USA).zip,"http://tinyurl.com/v74m8as
"
Pizza Hut Disc 2 (USA).zip,"http://tinyurl.com/vo9z9b8
"
Planet of the Apes (USA).zip,"http://tinyurl.com/rhcukv5
"
Play with the Teletubbies (USA).zip,"http://tinyurl.com/qqcmwox
"
PlayStation Demo Disc Version 1.3 (USA).zip,"http://tinyurl.com/rx8yjup
"
PlayStation Demo Disc Version 1.5 (USA).zip,"http://tinyurl.com/wesl2fu
"
PlayStation Developer's Demo Disc (USA).zip,"http://tinyurl.com/wlnwmmm
"
PlayStation Kiosk Demo Disc Version 1.16 (USA).zip,"http://tinyurl.com/qv3abzb
"
PlayStation Picks (USA) (SCUS-94952).zip,"http://tinyurl.com/ux9x4ap
"
PlayStation Picks (USA) (SCUS-94960).zip,"http://tinyurl.com/w9nssj3
"
PlayStation Underground 3.1 (USA) (Disc 1).zip,"http://tinyurl.com/tg443ac
"
PlayStation Underground 3.1 (USA) (Disc 2).zip,"http://tinyurl.com/wtelxyd
"
PlayStation Underground 3.2 (USA) (Disc 1).zip,"http://tinyurl.com/wc9owyx
"
PlayStation Underground 3.2 (USA) (Disc 2).zip,"http://tinyurl.com/sj3rzye
"
PlayStation Underground 3.3 (USA) (Disc 1).zip,"http://tinyurl.com/uz95sg4
"
PlayStation Underground 3.3 (USA) (Disc 2).zip,"http://tinyurl.com/wexbcav
"
PlayStation Underground 3.4 (USA) (Disc 1).zip,"http://tinyurl.com/uwy6s76
"
PlayStation Underground 3.4 (USA) (Disc 2).zip,"http://tinyurl.com/rvj3fon
"
PlayStation Underground 4.1 (USA) (Disc 1).zip,"http://tinyurl.com/tra8wjh
"
PlayStation Underground 4.1 (USA) (Disc 2).zip,"http://tinyurl.com/r99f7rg
"
PlayStation Underground 4.2 (USA) (Disc 1).zip,"http://tinyurl.com/r5s9e7k
"
PlayStation Underground 4.2 (USA) (Disc 2).zip,"http://tinyurl.com/wetvrqf
"
PlayStation Underground 4.3 (USA) (Disc 1).zip,"http://tinyurl.com/su9weaj
"
PlayStation Underground 4.3 (USA) (Disc 2).zip,"http://tinyurl.com/v3ambwy
"
PlayStation Underground 4.4 (USA) (Disc 1).zip,"http://tinyurl.com/wub8fgu
"
PlayStation Underground Jampack (USA).zip,"http://tinyurl.com/uhf6uln
"
Pocket Fighter (USA).zip,"http://tinyurl.com/qkdvrwp
"
Point Blank (USA).zip,"http://tinyurl.com/tajhqlk
"
Point Blank 2 (USA).zip,"http://tinyurl.com/w469zub
"
Point Blank 3 (USA).zip,"http://tinyurl.com/t5epjoq
"
Polaris SnoCross (USA).zip,"http://tinyurl.com/rkx4gnk
"
Pong - The Next Level (USA).zip,"http://tinyurl.com/rd4ptgs
"
Pool Hustler (USA).zip,"http://tinyurl.com/u5t7vkk
"
Populous - The Beginning (USA).zip,"http://tinyurl.com/wwfwntb
"
"Porsche Challenge (USA) (En,Fr,Es).zip","http://tinyurl.com/w3awspc
"
Power Move Pro Wrestling (USA).zip,"http://tinyurl.com/uvk2x4n
"
Power Play - Sports Trivia (USA).zip,"http://tinyurl.com/uooncuv
"
Power Serve 3D Tennis (USA).zip,"http://tinyurl.com/t3h3pdk
"
Power Shovel (USA).zip,"http://tinyurl.com/whmuc9k
"
Power Spike - Pro Beach Volleyball (USA).zip,"http://tinyurl.com/ur3h2bk
"
Powerslave (USA).zip,"http://tinyurl.com/vsd94cd
"
Poy Poy (USA).zip,"http://tinyurl.com/w5mqz6y
"
Primal Rage (USA).zip,"http://tinyurl.com/s9vxxoz
"
Pro 18 - World Tour Golf (USA).zip,"http://tinyurl.com/rmbv649
"
Pro Pinball - Big Race USA (USA).zip,"http://tinyurl.com/r57253t
"
Pro Pinball - Fantastic Journey (USA).zip,"http://tinyurl.com/yx648uys
"
Pro Pinball - Timeshock! (USA).zip,"http://tinyurl.com/szgvy88
"
Pro-Pinball (USA).zip,"http://tinyurl.com/tn7stsu
"
Professional Underground League of Pain (USA).zip,"http://tinyurl.com/t3v8kg3
"
Project - Horned Owl (USA).zip,"http://tinyurl.com/su2ux9b
"
Project Overkill (USA).zip,"http://tinyurl.com/quuzmrl
"
Psybadek (USA).zip,"http://tinyurl.com/yx5n4ywc
"
Psychic Detective (USA) (Disc 1).zip,"http://tinyurl.com/uacptdn
"
Psychic Detective (USA) (Disc 2).zip,"http://tinyurl.com/uqmc794
"
Psychic Detective (USA) (Disc 3).zip,"http://tinyurl.com/yx347vhf
"
Psychic Force (USA).zip,"http://tinyurl.com/uxvz5py
"
Punky Skunk (USA).zip,"http://tinyurl.com/szv2tao
"
Putter Golf (USA).zip,"http://tinyurl.com/t9vahht
"
Puzzle Star Sweep (USA).zip,"http://tinyurl.com/s8lzfh3
"
Puzznic (USA).zip,"http://tinyurl.com/uzeybaq
"
Q-bert (USA).zip,"http://tinyurl.com/tkzf2tt
"
Qix Neo (USA).zip,"http://tinyurl.com/rg8bzzc
"
Quake II (USA).zip,"http://tinyurl.com/wmo4sma
"
R-Type Delta (USA).zip,"http://tinyurl.com/sxd7jzp
"
R-Types (USA).zip,"http://tinyurl.com/qrrxxq4
"
R4 - Ridge Racer Type 4 (USA).zip,"http://tinyurl.com/rzr7mx9
"
RC Helicopter (USA).zip,"http://tinyurl.com/vh4u9tm
"
RC Revenge (USA).zip,"http://tinyurl.com/tcrqpz5
"
RC Stunt Copter (USA).zip,"http://tinyurl.com/ssmuohp
"
RC de Go! (USA).zip,"http://tinyurl.com/rdmff3f
"
RPG Maker (USA).zip,"http://tinyurl.com/upnhqky
"
"Racing (USA) (En,Fr,Es).zip","http://tinyurl.com/s5snjcr
"
Rage Racer (USA).zip,"http://tinyurl.com/sjmrsvj
"
Rageball (USA).zip,"http://tinyurl.com/qt3ejxj
"
"Raiden Project, The (USA).zip","http://tinyurl.com/t8wg3sq
"
Railroad Tycoon II (USA).zip,"http://tinyurl.com/sa8k59u
"
Rally Cross (USA).zip,"http://tinyurl.com/surlwu6
"
Rally Cross 2 (USA).zip,"http://tinyurl.com/v3sbuzl
"
Rampage - Through Time (USA).zip,"http://tinyurl.com/qtvo95z
"
Rampage - World Tour (USA).zip,"http://tinyurl.com/sfdcc6o
"
Rampage 2 - Universal Tour (USA).zip,"http://tinyurl.com/t2we6rx
"
Rascal (USA) (Demo).zip,"http://tinyurl.com/v675jwa
"
Rascal (USA).zip,"http://tinyurl.com/u8bjbzd
"
Rascal Racers (USA).zip,"http://tinyurl.com/rgfdwjk
"
Rat Attack! (USA).zip,"http://tinyurl.com/s4yfr6t
"
Ray Tracers (USA).zip,"http://tinyurl.com/sxkaxkx
"
RayCrisis - Series Termination (USA).zip,"http://tinyurl.com/wygsova
"
RayStorm (USA).zip,"http://tinyurl.com/rjya3yh
"
Rayman (USA) (Playable Game Preview).zip,"http://tinyurl.com/wbqd5ov
"
Rayman (USA).zip,"http://tinyurl.com/ul6wsqv
"
"Rayman 2 - The Great Escape (USA) (En,Fr,Es).zip","http://tinyurl.com/uauffxa
"
Rayman Brain Games (USA).zip,"http://tinyurl.com/u5bzdyx
"
Rayman Rush (USA).zip,"http://tinyurl.com/wz7jut7
"
Razor Freestyle Scooter (USA).zip,"http://tinyurl.com/vm2k2p8
"
Razor Racing (USA).zip,"http://tinyurl.com/w9lluch
"
Re-Loaded - The Hardcore Sequel (USA).zip,"http://tinyurl.com/yxxltzjm
"
Re-Volt (USA).zip,"http://tinyurl.com/wyvxkxq
"
ReBoot (USA).zip,"http://tinyurl.com/sdtscvy
"
Ready 2 Rumble Boxing (USA).zip,"http://tinyurl.com/tf6kevr
"
Ready 2 Rumble Boxing - Round 2 (USA).zip,"http://tinyurl.com/swpar8c
"
Red Asphalt (USA).zip,"http://tinyurl.com/smfqdeo
"
Reel Fishing (USA).zip,"http://tinyurl.com/v5var6x
"
Reel Fishing II (USA).zip,"http://tinyurl.com/vcqmecp
"
Renegade Racers (USA).zip,"http://tinyurl.com/sq299aq
"
Rescue Copter (USA).zip,"http://tinyurl.com/qlp5ow9
"
Rescue Heroes - Molten Menace (USA).zip,"http://tinyurl.com/qskhc6y
"
Resident Evil (USA).zip,"http://tinyurl.com/wj86nac
"
Resident Evil - Director's Cut (USA).zip,"http://tinyurl.com/vhvel9j
"
Resident Evil - Survivor (USA).zip,"http://tinyurl.com/vrcmbv8
"
Resident Evil 2 (USA) (Demo).zip,"http://tinyurl.com/wp88kc5
"
Resident Evil 2 (USA) (Disc 1).zip,"http://tinyurl.com/v8h6uku
"
Resident Evil 2 (USA) (Disc 2).zip,"http://tinyurl.com/t9bsk67
"
Resident Evil 3 - Nemesis (USA) (Demo).zip,"http://tinyurl.com/wd84q8j
"
Resident Evil 3 - Nemesis (USA).zip,"http://tinyurl.com/sn28aqd
"
Return Fire (USA).zip,"http://tinyurl.com/w7m7o99
"
Revolution X - Music Is the Weapon (USA).zip,"http://tinyurl.com/qup8kzf
"
Rhapsody - A Musical Adventure (USA).zip,"http://tinyurl.com/udllkod
"
Ridge Racer (USA).zip,"http://tinyurl.com/qpkgdll
"
Ridge Racer Bonus Turbo Mode Disc (USA).zip,"http://tinyurl.com/s7kvn2v
"
Ridge Racer Revolution (USA).zip,"http://tinyurl.com/tp7a2w5
"
"Rise 2 - Resurrection (USA) (En,Fr,De,Es,It).zip","http://tinyurl.com/tlq49c9
"
Rising Zan - The Samurai Gunman (USA).zip,"http://tinyurl.com/us7lz9t
"
Risk - The Game of Global Domination (USA).zip,"http://tinyurl.com/v23x5gl
"
Riven - The Sequel to Myst (USA) (Disc 1).zip,"http://tinyurl.com/uvlrbtp
"
Riven - The Sequel to Myst (USA) (Disc 2).zip,"http://tinyurl.com/vj7t6hy
"
Riven - The Sequel to Myst (USA) (Disc 3).zip,"http://tinyurl.com/to4uvpv
"
Riven - The Sequel to Myst (USA) (Disc 4).zip,"http://tinyurl.com/tx4nazq
"
Riven - The Sequel to Myst (USA) (Disc 5).zip,"http://tinyurl.com/u6j7jgd
"
Road Rash (USA).zip,"http://tinyurl.com/vvt79ob
"
Road Rash - Jailbreak (USA).zip,"http://tinyurl.com/ryrln92
"
Road Rash 3D (USA).zip,"http://tinyurl.com/ujel3ov
"
Road Writer (USA).zip,"http://tinyurl.com/rwn7vmw
"
Roadsters (USA).zip,"http://tinyurl.com/t64p7kj
"
Robo Pit (USA).zip,"http://tinyurl.com/u4xbgyg
"
Robo Pit 2 (USA).zip,"http://tinyurl.com/rrzfoq5
"
Robotron X (USA).zip,"http://tinyurl.com/sn9aorl
"
Rock 'Em Sock 'Em Robots Arena (USA).zip,"http://tinyurl.com/uysk7m2
"
Rogue Trip - Vacation 2012 (USA).zip,"http://tinyurl.com/yx5otdoe
"
Roll Away (USA).zip,"http://tinyurl.com/qprzrmt
"
Rollcage (USA) (Demo).zip,"http://tinyurl.com/ttnsxp8
"
Rollcage (USA).zip,"http://tinyurl.com/rmrscvr
"
Rollcage Stage II (USA).zip,"http://tinyurl.com/srzq8jg
"
Rosco McQueen Firefighter Extreme (USA).zip,"http://tinyurl.com/vmt4e55
"
Runabout 2 (USA).zip,"http://tinyurl.com/rozeq8p
"
Running Wild (USA).zip,"http://tinyurl.com/r7dzp8c
"
Rush Hour (USA).zip,"http://tinyurl.com/upb5a9k
"
Rushdown (USA).zip,"http://tinyurl.com/taanxsa
"
S.C.A.R.S. (USA).zip,"http://tinyurl.com/vu235u9
"
SaGa Frontier (USA).zip,"http://tinyurl.com/uryonjz
"
SaGa Frontier 2 (USA).zip,"http://tinyurl.com/u3yh2cd
"
Saban's Power Rangers - Time Force (USA).zip,"http://tinyurl.com/vvpmj77
"
Saiyuki - Journey West (USA).zip,"http://tinyurl.com/ucfoqy2
"
Saltwater Sportfishing (USA).zip,"http://tinyurl.com/s3xtypo
"
Sammy Sosa High Heat Baseball 2001 (USA).zip,"http://tinyurl.com/qv9v652
"
Sammy Sosa Softball Slam (USA).zip,"http://tinyurl.com/w3252w2
"
Samurai Shodown - Warriors Rage (USA).zip,"http://tinyurl.com/sfxwsta
"
Samurai Shodown III - Blades of Blood (USA).zip,"http://tinyurl.com/yx7q2vjo
"
San Francisco Rush - Extreme Racing (USA).zip,"http://tinyurl.com/u568aor
"
Scooby-Doo and the Cyber Chase (USA).zip,"http://tinyurl.com/rzes5ms
"
Scrabble (USA).zip,"http://tinyurl.com/woulfqq
"
Sea-Doo Hydro Cross (USA).zip,"http://tinyurl.com/r3xzhwd
"
Sentient (USA).zip,"http://tinyurl.com/vyb85sq
"
Sentinel Returns (USA).zip,"http://tinyurl.com/uuu2c8u
"
Sesame Street - Elmo's Letter Adventure (USA).zip,"http://tinyurl.com/uabxhll
"
Sesame Street - Elmo's Number Journey (USA).zip,"http://tinyurl.com/soy2ofg
"
Sesame Street Sports (USA).zip,"http://tinyurl.com/wmbpcbt
"
Shadow Madness (USA) (Disc 1).zip,"http://tinyurl.com/w56tbbg
"
Shadow Madness (USA) (Disc 2).zip,"http://tinyurl.com/vhkrgo7
"
Shadow Man (USA).zip,"http://tinyurl.com/uekgydg
"
Shadow Master (USA).zip,"http://tinyurl.com/wablz8a
"
Shadow Tower (USA).zip,"http://tinyurl.com/syoegz9
"
Shanghai - True Valor (USA).zip,"http://tinyurl.com/vjwl64t
"
Sheep (USA).zip,"http://tinyurl.com/tahpetz
"
Shellshock (USA).zip,"http://tinyurl.com/rz7polk
"
Shipwreckers! (USA).zip,"http://tinyurl.com/s5qrj8t
"
Shrek Treasure Hunt (USA).zip,"http://tinyurl.com/tpw22kx
"
Silent Bomber (USA).zip,"http://tinyurl.com/tmht9x4
"
Silent Hill (USA).zip,"http://tinyurl.com/ql7g6cm
"
Silhouette Mirage (USA).zip,"http://tinyurl.com/wm4mval
"
Silverload (USA).zip,"http://tinyurl.com/u98ldfe
"
Sim Theme Park (USA).zip,"http://tinyurl.com/us43rpp
"
SimCity 2000 (USA).zip,"http://tinyurl.com/qqc8d9g
"
"Simpsons Wrestling, The (USA).zip","http://tinyurl.com/vwsynde
"
Skeleton Warriors (USA).zip,"http://tinyurl.com/sghgs5x
"
Skullmonkeys (USA).zip,"http://tinyurl.com/utdzdx7
"
Skydiving Extreme (USA).zip,"http://tinyurl.com/s67webc
"
Slam 'n Jam '96 featuring Magic & Kareem (USA).zip,"http://tinyurl.com/u73u53x
"
Slamscape (USA).zip,"http://tinyurl.com/w698fhn
"
Sled Storm & Medal of Honor Demo CD (USA).zip,"http://tinyurl.com/s7vzrla
"
Sled Storm (USA).zip,"http://tinyurl.com/tbr7x4x
"
Slots (USA).zip,"http://tinyurl.com/vawzazn
"
Small Soldiers (USA).zip,"http://tinyurl.com/qu7jyvs
"
"Smurf Racer! (USA) (En,Fr,Es).zip","http://tinyurl.com/stcucdz
"
"Smurfs, The (USA) (En,Fr,Es).zip","http://tinyurl.com/rxodd6r
"
SnoCross Championship Racing (USA).zip,"http://tinyurl.com/vcpq8go
"
Snowboarding (USA).zip,"http://tinyurl.com/swtonlh
"
Sol Divide (USA).zip,"http://tinyurl.com/yx3c6zeo
"
Sorcerer's Maze (USA).zip,"http://tinyurl.com/rqf7enu
"
Soul Blade (USA) (v1.0).zip,"http://tinyurl.com/qrobg5y
"
Soul Blade (USA) (v1.1).zip,"http://tinyurl.com/ufpgn7q
"
Soul of the Samurai (USA).zip,"http://tinyurl.com/wbgm72k
"
South Park (USA).zip,"http://tinyurl.com/swyfxgz
"
South Park - Chef's Luv Shack (USA).zip,"http://tinyurl.com/uakogaw
"
South Park Rally (USA).zip,"http://tinyurl.com/ry5z89a
"
Soviet Strike (USA).zip,"http://tinyurl.com/s2faaa3
"
Space Griffon VF-9 (USA).zip,"http://tinyurl.com/quoceme
"
Space Invaders (USA).zip,"http://tinyurl.com/qm5ee5o
"
Space Jam (USA).zip,"http://tinyurl.com/ukg4224
"
Space Shot (USA).zip,"http://tinyurl.com/qwevrwc
"
Spawn - The Eternal (USA).zip,"http://tinyurl.com/ucpfond
"
Spec Ops - Airborne Commando (USA).zip,"http://tinyurl.com/ug6lza9
"
Spec Ops - Covert Assault (USA).zip,"http://tinyurl.com/qnxo4an
"
Spec Ops - Ranger Elite (USA).zip,"http://tinyurl.com/vtgheel
"
Spec Ops - Stealth Patrol (USA).zip,"http://tinyurl.com/vcblde8
"
Speed Punks (USA).zip,"http://tinyurl.com/smr9nt4
"
Speed Racer (USA).zip,"http://tinyurl.com/uydj6nz
"
Speedball 2100 (USA).zip,"http://tinyurl.com/tdrhc39
"
Spice World (USA).zip,"http://tinyurl.com/ur4d87l
"
Spider - The Video Game (USA).zip,"http://tinyurl.com/uk9ylxt
"
Spider-Man (USA).zip,"http://tinyurl.com/rcvjlbl
"
Spider-Man 2 - Enter - Electro (USA).zip,"http://tinyurl.com/rt85w72
"
Spin Jam (USA).zip,"http://tinyurl.com/tlz5mfx
"
Sports Car GT (USA).zip,"http://tinyurl.com/t63tyoz
"
Sports Superbike 2 (USA).zip,"http://tinyurl.com/rx36433
"
Spot Goes to Hollywood (USA).zip,"http://tinyurl.com/uprvnx6
"
Spyro - Year of the Dragon (USA) (v1.0).zip,"http://tinyurl.com/uzwk2qe
"
Spyro - Year of the Dragon (USA) (v1.1).zip,"http://tinyurl.com/wpxaxet
"
Spyro 2 - Ripto's Rage! (USA).zip,"http://tinyurl.com/w9jxcoe
"
Spyro the Dragon (USA) (Demo).zip,"http://tinyurl.com/rdcoge4
"
Spyro the Dragon (USA).zip,"http://tinyurl.com/wysc2cn
"
Squaresoft on PlayStation Collector's CD (USA).zip,"http://tinyurl.com/tpdgb4c
"
Star Fighter (USA).zip,"http://tinyurl.com/qn7qzbv
"
Star Ocean - The Second Story (USA) (Disc 1).zip,"http://tinyurl.com/tddchxq
"
Star Ocean - The Second Story (USA) (Disc 2).zip,"http://tinyurl.com/rxhaw5j
"
Star Trek - Invasion (USA).zip,"http://tinyurl.com/t3ef7ph
"
Star Wars - Dark Forces (USA).zip,"http://tinyurl.com/wlyel8d
"
Star Wars - Demolition (USA).zip,"http://tinyurl.com/wofkes9
"
Star Wars - Masters of Teras Kasi (USA).zip,"http://tinyurl.com/rtwuvru
"
Starblade Alpha (USA).zip,"http://tinyurl.com/voteq4e
"
Starfighter Sanvein (USA).zip,"http://tinyurl.com/rcsyurh
"
Starwinder - The Ultimate Space Race (USA).zip,"http://tinyurl.com/uja77bq
"
Steel Harbinger (USA).zip,"http://tinyurl.com/tlekvut
"
Steel Reign (USA).zip,"http://tinyurl.com/wgow4gz
"
Str.at.e.s. 1 - Match-A-Batch (USA).zip,"http://tinyurl.com/s4nj96l
"
Str.at.e.s. 2 - Matchamania! (USA).zip,"http://tinyurl.com/rdnbkwg
"
Str.at.e.s. 3 - Title This! Title That! (USA).zip,"http://tinyurl.com/sg9z87o
"
Str.at.e.s. 4 - Titlerama! (USA).zip,"http://tinyurl.com/w4anfag
"
Str.at.e.s. 5 - Parallel Lives! (USA).zip,"http://tinyurl.com/sb4qyau
"
Str.at.e.s. 6 - Analogy-ology! (USA).zip,"http://tinyurl.com/sezvruq
"
Str.at.e.s. 7 - Riddle Roundup! (USA).zip,"http://tinyurl.com/wffhj93
"
Str.at.e.s. 8 - Riddle Wrangler! (USA).zip,"http://tinyurl.com/u2jgydt
"
Streak Hoverboard Racing (USA).zip,"http://tinyurl.com/vcf63vc
"
Street Fighter - The Movie (USA).zip,"http://tinyurl.com/repnp5n
"
Street Fighter Alpha - Warriors' Dreams (USA).zip,"http://tinyurl.com/yxyw79n5
"
Street Fighter Alpha 2 (USA).zip,"http://tinyurl.com/tdv22kd
"
Street Fighter Alpha 3 (USA).zip,"http://tinyurl.com/soldrn6
"
Street Fighter Collection 2 (USA).zip,"http://tinyurl.com/sebtdtz
"
Street Fighter EX Plus Alpha (USA).zip,"http://tinyurl.com/v4hfczd
"
Street Fighter EX2 Plus (USA).zip,"http://tinyurl.com/wm3qpek
"
Street Racer (USA).zip,"http://tinyurl.com/ty2lzbs
"
Street Racquetball (USA).zip,"http://tinyurl.com/rv2a3y4
"
Street Sk8er (USA).zip,"http://tinyurl.com/wkd7c4m
"
Street Sk8er 2 (USA).zip,"http://tinyurl.com/tu7ldfr
"
Strider (USA).zip,"http://tinyurl.com/su7atmg
"
Strider 2 (USA).zip,"http://tinyurl.com/u8qkcgu
"
Strike Point (USA).zip,"http://tinyurl.com/t5q8u66
"
Striker 96 (USA).zip,"http://tinyurl.com/tclkhcv
"
Striker Pro 2000 (USA).zip,"http://tinyurl.com/rdg96v8
"
Strikers 1945 (USA).zip,"http://tinyurl.com/qsg3fpt
"
Stuart Little 2 (USA).zip,"http://tinyurl.com/rjgb4xy
"
Suikoden (USA) (v1.0).zip,"http://tinyurl.com/rckwgq9
"
Suikoden (USA) (v1.1).zip,"http://tinyurl.com/u7vambv
"
Suikoden II (USA).zip,"http://tinyurl.com/syukong
"
Super Bubble Pop (USA).zip,"http://tinyurl.com/yx8deyre
"
Super Puzzle Fighter II Turbo (USA).zip,"http://tinyurl.com/uw3scs9
"
Super Shot Soccer (USA).zip,"http://tinyurl.com/wods337
"
SuperCross Circuit (USA).zip,"http://tinyurl.com/ud8cvhv
"
Superstar Dance Club - #1 Hits!!! (USA).zip,"http://tinyurl.com/vvnyyj4
"
Surf Riders (USA).zip,"http://tinyurl.com/uww53x8
"
Swagman (USA).zip,"http://tinyurl.com/ts877cj
"
Sydney 2000 (USA).zip,"http://tinyurl.com/thhhvgf
"
Syndicate Wars (USA).zip,"http://tinyurl.com/rzc6lyp
"
Syphon Filter (USA) (v1.0).zip,"http://tinyurl.com/rp7z88h
"
Syphon Filter (USA) (v1.1).zip,"http://tinyurl.com/wn4dhsp
"
Syphon Filter 2 (USA) (Disc 1).zip,"http://tinyurl.com/tmma5d9
"
Syphon Filter 2 (USA) (Disc 2).zip,"http://tinyurl.com/ucr83ff
"
Syphon Filter 3 (USA).zip,"http://tinyurl.com/s3ccc74
"
T'ai Fu - Wrath of the Tiger (USA).zip,"http://tinyurl.com/v3rfomk
"
T.R.A.G. - Mission of Mercy (USA).zip,"http://tinyurl.com/w3dlddf
"
TNN Motor Sports HardCore 4X4 (USA).zip,"http://tinyurl.com/swhc7b3
"
TNN Motorsports HardCore TR (USA).zip,"http://tinyurl.com/rrqebne
"
"TOCA 2 Touring Car Challenge (USA) (En,Fr,Es).zip","http://tinyurl.com/wl6onhj
"
"TOCA Championship Racing (USA) (En,Es).zip","http://tinyurl.com/rz547xh
"
Tactics Ogre (USA).zip,"http://tinyurl.com/rgehqnj
"
Tail Concerto (USA).zip,"http://tinyurl.com/vep7ejw
"
Tail of the Sun (USA).zip,"http://tinyurl.com/tfjt459
"
Tales of Destiny (USA).zip,"http://tinyurl.com/qsx68vb
"
Tales of Destiny II (USA) (Disc 1).zip,"http://tinyurl.com/t7t7qqz
"
Tales of Destiny II (USA) (Disc 2).zip,"http://tinyurl.com/teojexa
"
Tales of Destiny II (USA) (Disc 3).zip,"http://tinyurl.com/szjjztb
"
Tall - Infinity (USA).zip,"http://tinyurl.com/tgf5ra8
"
Team Buddies (USA).zip,"http://tinyurl.com/sgesagu
"
Team Losi RC Racer (USA).zip,"http://tinyurl.com/r4szrmg
"
Tecmo Stackers (USA).zip,"http://tinyurl.com/vgtvmwd
"
Tecmo Super Bowl (USA).zip,"http://tinyurl.com/sz5enqs
"
Tecmo World Golf - Japan (USA).zip,"http://tinyurl.com/rk9sfcv
"
Tekken (USA).zip,"http://tinyurl.com/v4trssr
"
Tekken 2 (USA) (v1.0).zip,"http://tinyurl.com/vxkcc3w
"
Tekken 2 (USA) (v1.1).zip,"http://tinyurl.com/tf5o92q
"
Tekken 3 (USA).zip,"http://tinyurl.com/v96ackm
"
Tempest X3 (USA).zip,"http://tinyurl.com/sfjzkbv
"
Ten Pin Alley (USA).zip,"http://tinyurl.com/wrkvfls
"
Tenchu - Stealth Assassins (USA) (v1.0).zip,"http://tinyurl.com/uzgmsvt
"
Tenchu - Stealth Assassins (USA) (v1.1).zip,"http://tinyurl.com/v9guh6y
"
Tennis (USA).zip,"http://tinyurl.com/t56qwrh
"
Tennis Arena (USA).zip,"http://tinyurl.com/s3uyuqo
"
Terry Pratchett's Discworld (USA).zip,"http://tinyurl.com/vvqzp38
"
Test Drive 4 (USA).zip,"http://tinyurl.com/rt6dkfx
"
Test Drive 5 (USA).zip,"http://tinyurl.com/tlgdamv
"
Test Drive 6 (USA).zip,"http://tinyurl.com/rh69qbe
"
"Test Drive Le Mans (USA) (En,Fr,Es).zip","http://tinyurl.com/vpqgsyf
"
Test Drive Off-Road (USA).zip,"http://tinyurl.com/tvbpte3
"
Test Drive Off-Road 2 (USA).zip,"http://tinyurl.com/wlhbs2v
"
Test Drive Off-Road 3 (USA).zip,"http://tinyurl.com/v9v2c8h
"
Tetris Plus (USA).zip,"http://tinyurl.com/t5kvrux
"
Theme Hospital (USA).zip,"http://tinyurl.com/uuuvz4v
"
Theme Park (USA).zip,"http://tinyurl.com/sab8mvx
"
Thousand Arms (USA) (Disc 1).zip,"http://tinyurl.com/voh29rx
"
Thousand Arms (USA) (Disc 2).zip,"http://tinyurl.com/scys37v
"
Thrasher - Skate and Destroy (USA).zip,"http://tinyurl.com/uvq889u
"
Threads of Fate (USA).zip,"http://tinyurl.com/weeuqrv
"
"Three Stooges, The (USA).zip","http://tinyurl.com/scn2cbm
"
Thunder Force V - Perfect System (USA).zip,"http://tinyurl.com/um4v3kx
"
Thunder Truck Rally (USA).zip,"http://tinyurl.com/tj4jl99
"
Thunderstrike 2 (USA).zip,"http://tinyurl.com/rjw8arj
"
Tiger Woods 99 PGA Tour Golf (USA) (v1.0).zip,"http://tinyurl.com/wcobdzx
"
Tiger Woods 99 PGA Tour Golf (USA) (v1.1).zip,"http://tinyurl.com/snrtga9
"
Tiger Woods PGA Tour 2000 (USA).zip,"http://tinyurl.com/s38rlnx
"
Tiger Woods PGA Tour Golf (USA).zip,"http://tinyurl.com/w5xn369
"
Tigershark (USA).zip,"http://tinyurl.com/vmjdffr
"
Time Commando (USA).zip,"http://tinyurl.com/wnt5hgk
"
Time Crisis (USA).zip,"http://tinyurl.com/uhsfjs5
"
Time Crisis - Project Titan (USA).zip,"http://tinyurl.com/rswb6dp
"
Timeless Jade Trade (USA).zip,"http://tinyurl.com/wp5k2o2
"
"Timeless Math 2 - Maya, Observatory (USA).zip","http://tinyurl.com/uex4v5q
"
Timeless Math 4 - Lunar Base (USA).zip,"http://tinyurl.com/u3nkhc5
"
Timeless Math 5 - Space Flight Rescue (USA).zip,"http://tinyurl.com/s7wfxhb
"
Timeless Math 6 - Brainswarm (USA).zip,"http://tinyurl.com/rmw99bw
"
Timeless Math 7 - Rover Recovery (USA).zip,"http://tinyurl.com/qvwyl4r
"
Tiny Tank (USA).zip,"http://tinyurl.com/w3o8hvr
"
Tobal No. 1 (USA).zip,"http://tinyurl.com/w75ebzn
"
Tokyo Highway Battle (USA).zip,"http://tinyurl.com/r7z546b
"
Tom Clancy's Rainbow Six (USA).zip,"http://tinyurl.com/wajpknd
"
Tom Clancy's Rainbow Six - Lone Wolf (USA).zip,"http://tinyurl.com/qszya2p
"
Tom Clancy's Rainbow Six - Rogue Spear (USA).zip,"http://tinyurl.com/wwtdskk
"
Tom and Jerry in House Trap (USA).zip,"http://tinyurl.com/yx6opfrc
"
Tomb Raider (USA) (v1.0).zip,"http://tinyurl.com/wsjvbsp
"
Tomb Raider (USA) (v1.1).zip,"http://tinyurl.com/umj8e7a
"
Tomb Raider (USA) (v1.2).zip,"http://tinyurl.com/tjztvtj
"
Tomb Raider (USA) (v1.3).zip,"http://tinyurl.com/slnanfm
"
Tomb Raider (USA) (v1.4).zip,"http://tinyurl.com/rszbqt3
"
Tomb Raider (USA) (v1.5).zip,"http://tinyurl.com/vnesl5k
"
Tomb Raider (USA) (v1.6).zip,"http://tinyurl.com/um53j4r
"
Tomb Raider - The Last Revelation (USA) (v1.0).zip,"http://tinyurl.com/v8xjxf5
"
Tomb Raider - The Last Revelation (USA) (v1.1).zip,"http://tinyurl.com/t8s7nxf
"
Tomb Raider Chronicles (USA).zip,"http://tinyurl.com/vkswhnn
"
Tomba! (USA) (Demo).zip,"http://tinyurl.com/rj4437e
"
Tomba! (USA).zip,"http://tinyurl.com/ty4jclo
"
Tomba! 2 - The Evil Swine Return (USA) (Demo).zip,"http://tinyurl.com/rv47ubx
"
Tomba! 2 - The Evil Swine Return (USA).zip,"http://tinyurl.com/vqxookh
"
Tonka Space Station (USA).zip,"http://tinyurl.com/qk65nka
"
Tony Hawk's Pro Skater (USA).zip,"http://tinyurl.com/wl3cfz9
"
Tony Hawk's Pro Skater 2 (USA).zip,"http://tinyurl.com/sjbhy2x
"
Tony Hawk's Pro Skater 3 (USA).zip,"http://tinyurl.com/w27uy7v
"
Tony Hawk's Pro Skater 4 (USA).zip,"http://tinyurl.com/vovckea
"
Top Gun - Fire at Will! (USA).zip,"http://tinyurl.com/vz3yx7z
"
Total Eclipse Turbo (USA).zip,"http://tinyurl.com/sugb5xk
"
Toys R Us - Attack of the Killer Demos! (USA).zip,"http://tinyurl.com/vuvehg3
"
Toys R Us - Interactive CD Sampler Disc (USA).zip,"http://tinyurl.com/ruu5g9p
"
Transformers - Beast Wars Transmetals (USA).zip,"http://tinyurl.com/r6tus2k
"
Trap Gunner (USA).zip,"http://tinyurl.com/s86mu3d
"
Treasures of the Deep (USA).zip,"http://tinyurl.com/u579w5m
"
Trick'n Snowboarder (USA).zip,"http://tinyurl.com/tl2dv59
"
Triple Play 2000 (USA).zip,"http://tinyurl.com/ux2hp8s
"
Triple Play 2001 (USA).zip,"http://tinyurl.com/vyc9r9l
"
Triple Play 97 (USA).zip,"http://tinyurl.com/vblr839
"
Triple Play 98 (USA).zip,"http://tinyurl.com/rtknv2a
"
"Triple Play 99 (USA) (En,Es).zip","http://tinyurl.com/s3g2z92
"
Triple Play Baseball (USA).zip,"http://tinyurl.com/rq6z4fe
"
True Pinball (USA).zip,"http://tinyurl.com/usc7u7s
"
Tunnel B1 (USA).zip,"http://tinyurl.com/wo3de2m
"
Turbo Prop Racing (USA).zip,"http://tinyurl.com/smbhwjd
"
Turnabout (USA).zip,"http://tinyurl.com/smm544p
"
Twisted Metal (USA).zip,"http://tinyurl.com/rhv78h3
"
Twisted Metal - Small Brawl (USA).zip,"http://tinyurl.com/wanab7h
"
Twisted Metal 2 (USA).zip,"http://tinyurl.com/vxrk8ny
"
Twisted Metal 4 (USA).zip,"http://tinyurl.com/wj98bo7
"
Twisted Metal III (USA) (v1.0).zip,"http://tinyurl.com/rcqfyk9
"
Twisted Metal III (USA) (v1.1).zip,"http://tinyurl.com/rt3ycfn
"
Tyco R-C - Assault with a Battery (USA).zip,"http://tinyurl.com/r52qo8z
"
Ultimate 8 Ball (USA).zip,"http://tinyurl.com/txqw83c
"
Ultimate Brain Games (USA).zip,"http://tinyurl.com/tjmemdn
"
Ultimate Fighting Championship (USA).zip,"http://tinyurl.com/rkh3bwx
"
Um Jammer Lammy (USA) (Demo).zip,"http://tinyurl.com/yx7njtgf
"
Um Jammer Lammy (USA).zip,"http://tinyurl.com/stvljex
"
"Unholy War, The (USA).zip","http://tinyurl.com/vudovtg
"
Uprising X (USA).zip,"http://tinyurl.com/w2zh5qa
"
Urban Chaos (USA).zip,"http://tinyurl.com/uurja5l
"
V-Tennis (USA).zip,"http://tinyurl.com/vzdl4pu
"
V.I.P. (USA).zip,"http://tinyurl.com/wm99a8k
"
VMX Racing (USA).zip,"http://tinyurl.com/ug8jck5
"
VR Baseball '97 (USA).zip,"http://tinyurl.com/tsmhhwt
"
VR Baseball 99 (USA).zip,"http://tinyurl.com/v8wde48
"
"VR Golf '97 (USA) (En,Fr).zip","http://tinyurl.com/rkv87yg
"
VR Soccer '96 (USA).zip,"http://tinyurl.com/reo3svf
"
VR Sports Powerboat Racing (USA).zip,"http://tinyurl.com/vqpgo8c
"
Vagrant Story (USA).zip,"http://tinyurl.com/y7cxk7wd
"
Valkyrie Profile (USA) (Disc 1).zip,"http://tinyurl.com/vgfwaeo
"
Valkyrie Profile (USA) (Disc 2).zip,"http://tinyurl.com/wtps6j3
"
Vampire Hunter D (USA).zip,"http://tinyurl.com/w5pkzbv
"
Vanark (USA).zip,"http://tinyurl.com/ql5x49d
"
Vandal Hearts (USA).zip,"http://tinyurl.com/r8oyvtm
"
Vandal Hearts II (USA).zip,"http://tinyurl.com/sr5nyus
"
Vanguard Bandits (USA).zip,"http://tinyurl.com/tsff3vl
"
Vanishing Point (USA).zip,"http://tinyurl.com/wkbkfue
"
Vegas Games 2000 (USA).zip,"http://tinyurl.com/vjysdtl
"
Viewpoint (USA).zip,"http://tinyurl.com/u5armmq
"
Vigilante 8 (USA) (Demo).zip,"http://tinyurl.com/w4g6x4g
"
Vigilante 8 (USA) (v1.0).zip,"http://tinyurl.com/sba8j4u
"
Vigilante 8 (USA) (v1.1).zip,"http://tinyurl.com/w9kv7ya
"
Vigilante 8 - 2nd Offense (USA).zip,"http://tinyurl.com/saevswv
"
"Virtual Kasparov (USA) (En,Fr,Es).zip","http://tinyurl.com/wtbnbgk
"
Virtual Pool (USA).zip,"http://tinyurl.com/t8az4ds
"
Virtual Pool 3 (USA).zip,"http://tinyurl.com/vhpdsm6
"
"Viva Soccer (USA) (En,Fr,De,Es,It,Pt).zip","http://tinyurl.com/s5a6m34
"
Vs. (USA).zip,"http://tinyurl.com/tnorp4a
"
WCW Backstage Assault (USA).zip,"http://tinyurl.com/rs5wazm
"
WCW Mayhem (USA).zip,"http://tinyurl.com/rhtetpy
"
WCW Nitro (USA).zip,"http://tinyurl.com/trbalxc
"
WCW vs. The World (USA).zip,"http://tinyurl.com/seyeotx
"
WCW-nWo Thunder (USA).zip,"http://tinyurl.com/yx6qhrje
"
WWF Attitude (USA).zip,"http://tinyurl.com/vnupsx5
"
WWF In Your House (USA) (v1.0).zip,"http://tinyurl.com/rhy56k2
"
WWF In Your House (USA) (v1.1).zip,"http://tinyurl.com/wk2pn44
"
WWF SmackDown! (USA).zip,"http://tinyurl.com/u5ywttg
"
WWF SmackDown! 2 - Know Your Role (USA).zip,"http://tinyurl.com/rbf84kp
"
WWF War Zone (USA) (v1.0).zip,"http://tinyurl.com/tcb5scd
"
WWF War Zone (USA) (v1.1).zip,"http://tinyurl.com/unufb6r
"
WWF WrestleMania - The Arcade Game (USA).zip,"http://tinyurl.com/ve2d99x
"
War Gods (USA).zip,"http://tinyurl.com/rcahrpo
"
WarGames - Defcon 1 (USA).zip,"http://tinyurl.com/tkyr5o4
"
Warhammer - Dark Omen (USA).zip,"http://tinyurl.com/sm67ua7
"
Warhammer - Shadow of the Horned Rat (USA).zip,"http://tinyurl.com/we9q73j
"
Warhawk - The Red Mercury Missions (USA).zip,"http://tinyurl.com/s28dbqm
"
Warpath - Jurassic Park (USA).zip,"http://tinyurl.com/vu4u636
"
Warriors of Might and Magic (USA).zip,"http://tinyurl.com/wmso7k9
"
Warzone 2100 (USA).zip,"http://tinyurl.com/sxhqvgo
"
Wayne Gretzky's 3D Hockey '98 (USA).zip,"http://tinyurl.com/s9wym5d
"
"Weakest Link, The (USA).zip","http://tinyurl.com/ujduddo
"
Wheel of Fortune (USA).zip,"http://tinyurl.com/ww9vv8v
"
Wheel of Fortune - 2nd Edition (USA).zip,"http://tinyurl.com/uxzew3d
"
Wild 9 (USA).zip,"http://tinyurl.com/sf3qt27
"
Wild Arms (USA).zip,"http://tinyurl.com/uarwcuy
"
Wild Arms 2 (USA) (Disc 1).zip,"http://tinyurl.com/rf3gc8t
"
Wild Arms 2 (USA) (Disc 2).zip,"http://tinyurl.com/uzwpzb8
"
Williams Arcade's Greatest Hits (USA).zip,"http://tinyurl.com/rw8cd99
"
WipEout (USA).zip,"http://tinyurl.com/r33cz5a
"
WipEout 3 (USA) (Demo).zip,"http://tinyurl.com/semmxwo
"
WipEout 3 (USA).zip,"http://tinyurl.com/wqoyt9l
"
Wipeout XL (USA) (Beta).zip,"http://tinyurl.com/wmejchq
"
Wipeout XL (USA).zip,"http://tinyurl.com/w59nbhd
"
Woody Woodpecker Racing (USA).zip,"http://tinyurl.com/qn7wxtp
"
World Cup 98 (USA).zip,"http://tinyurl.com/rarxshy
"
World Cup Golf - Professional Edition (USA).zip,"http://tinyurl.com/wknww7s
"
World Destruction League - Thunder Tanks (USA).zip,"http://tinyurl.com/uowrfdy
"
World Destruction League - WarJetz (USA).zip,"http://tinyurl.com/rle5dty
"
World's Scariest Police Chases (USA).zip,"http://tinyurl.com/whkea6b
"
Worms (USA).zip,"http://tinyurl.com/yx56g4qk
"
Worms Armageddon (USA).zip,"http://tinyurl.com/s3sfyjg
"
"Wreckin Crew - Drive Dangerously (USA) (En,Es).zip","http://tinyurl.com/v4azeyw
"
Wu-Tang - Shaolin Style (USA).zip,"http://tinyurl.com/wsp8e4v
"
X Games Pro Boarder (USA).zip,"http://tinyurl.com/w4pxpuq
"
X-Bladez - Inline Skater (USA).zip,"http://tinyurl.com/t6xgqp8
"
X-COM - UFO Defense (USA).zip,"http://tinyurl.com/vffczxj
"
"X-Files, The (USA) (Disc 1).zip","http://tinyurl.com/v55s46v
"
"X-Files, The (USA) (Disc 2).zip","http://tinyurl.com/rlsa8vh
"
"X-Files, The (USA) (Disc 3).zip","http://tinyurl.com/sjnthce
"
"X-Files, The (USA) (Disc 4).zip","http://tinyurl.com/u6t4xnz
"
X-Men - Children of the Atom (USA).zip,"http://tinyurl.com/sej4afk
"
X-Men - Mutant Academy (USA).zip,"http://tinyurl.com/s7npn8s
"
X-Men - Mutant Academy 2 (USA).zip,"http://tinyurl.com/rtzvja8
"
X-Men vs. Street Fighter (USA).zip,"http://tinyurl.com/yx3yote6
"
XS Airboat Racing (USA).zip,"http://tinyurl.com/wwkj2ra
"
XS Junior League Dodgeball (USA).zip,"http://tinyurl.com/usafzfq
"
XS Junior League Football (USA).zip,"http://tinyurl.com/u4a7u8l
"
XS Junior League Soccer (USA).zip,"http://tinyurl.com/rept7nh
"
XS Moto (USA).zip,"http://tinyurl.com/to7ovvs
"
Xena - Warrior Princess (USA).zip,"http://tinyurl.com/rp2dlh5
"
Xenogears (USA) (Disc 1).zip,"http://tinyurl.com/w2d73h4
"
Xenogears (USA) (Disc 2).zip,"http://tinyurl.com/s42hfko
"
Xevious 3D-G+ (USA).zip,"http://tinyurl.com/v4hks37
"
You Don't Know Jack (USA) (Demo).zip,"http://tinyurl.com/wf8kkpm
"
You Don't Know Jack (USA) (Disc 1).zip,"http://tinyurl.com/r8pralo
"
You Don't Know Jack (USA) (Disc 2).zip,"http://tinyurl.com/sr7fdmu
"
You Don't Know Jack - Mock 2 (USA).zip,"http://tinyurl.com/rv2fzzv
"
Yu-Gi-Oh! Forbidden Memories (USA).zip,"http://tinyurl.com/r727ubq
"
Zero Divide (USA).zip,"http://tinyurl.com/vj3kpln
"
Zoboomafoo - Leapin' Lemurs! (USA).zip,"http://tinyurl.com/wlmrctv
"
Zoop - America's Largest Killer of Time! (USA).zip,"http://tinyurl.com/sjuvvdm
"
