Bokandesuyo (J).rar,http://tinyurl.com/t3yv284
Chippoke Ralph no Daibouken - The Adventure Of ..>,http://tinyurl.com/varpf7r
Cotton Original - Fantastic Night Dreams (Japan..>,http://tinyurl.com/rvcz8lp
Finger Flashing (Japan) [SLPS-02158][T-Eng1.00_..>,http://tinyurl.com/wx4dn5y
Gaia Seed (J).rar,http://tinyurl.com/u4wudcl
Gradius Deluxe Pack (J).rar,http://tinyurl.com/qumfdnd
Harmful Park (J).rar,http://tinyurl.com/ur9zl9s
Hot Blooded Family (Nekketsu Oyako) (Japan) [SL..>,http://tinyurl.com/uk54vjy
Imadoki no Vampire - Bloody Bride (Japan) [SLPS..>,http://tinyurl.com/vvoeedf
Kakuge-Yaro - Fighting Game Creator (Japan) [SL..>,http://tinyurl.com/u5j5yxz
Ore No Ryouri (J).rar,http://tinyurl.com/vbeema8
Persona 2 - Tsumi (Japan) (v1.0) [SLPS-02100][T..>,http://tinyurl.com/ybk4syvs
Raiden DX (Major Wave Series) (J).rar,http://tinyurl.com/uqe8v4t
Super Robot Taisen Alpha Gaiden (Japan) (v1.2) ..>,http://tinyurl.com/v6ep7vs
Tales of Phantasia (Japan) [SLPS-01770][SLPS-91..>,http://tinyurl.com/vnjl8w8
The Neverhood Klaymen Klaymen (J).rar,http://tinyurl.com/qvhp3sc
Tobal 2 (Japan) [SLPM-86033][T+Eng1.00b_Infinit..>,http://tinyurl.com/w9f3n9j
Umihara Kawase Shun (J).rar,http://tinyurl.com/rahsuvv
iS - Internal Section (Japan) [SLPS-01868][T+En..>,http://tinyurl.com/tze8yfp
